call,call_location,call_feat_type,call_encapsule,call_encapsule_location,call_encapsule_feat_type,call_encapsule_file_class,callee,callee_location,callee_file_class,callee_feat_type
 super(...)                          , file:///home/poorna/capstone/rag-refactor/ragRefactor/sample_dbs/code_ql/spring-petclinic/src/main/java/org/springframework/samples/petclinic/model/NamedEntity.java:29:14:29:24         , SuperConstructorInvocationStmt , NamedEntity                           , file:///home/poorna/capstone/rag-refactor/ragRefactor/sample_dbs/code_ql/spring-petclinic/src/main/java/org/springframework/samples/petclinic/model/NamedEntity.java:29:14:29:24         , Constructor , NamedEntity        , BaseEntity                     , file:///home/poorna/capstone/rag-refactor/ragRefactor/sample_dbs/code_ql/spring-petclinic/src/main/java/org/springframework/samples/petclinic/model/BaseEntity.java:33:14:33:23          , BaseEntity         , Constructor 
 getName(...)                        , file:///home/poorna/capstone/rag-refactor/ragRefactor/sample_dbs/code_ql/spring-petclinic/src/main/java/org/springframework/samples/petclinic/model/NamedEntity.java:44:10:44:23         , MethodCall                     , toString                              , file:///home/poorna/capstone/rag-refactor/ragRefactor/sample_dbs/code_ql/spring-petclinic/src/main/java/org/springframework/samples/petclinic/model/NamedEntity.java:43:16:43:23         , Method      , NamedEntity        , getName                        , file:///home/poorna/capstone/rag-refactor/ragRefactor/sample_dbs/code_ql/spring-petclinic/src/main/java/org/springframework/samples/petclinic/model/NamedEntity.java:34:16:34:22         , NamedEntity        , Method      
 super(...)                          , file:///home/poorna/capstone/rag-refactor/ragRefactor/sample_dbs/code_ql/spring-petclinic/src/main/java/org/springframework/samples/petclinic/model/Person.java:28:14:28:19              , SuperConstructorInvocationStmt , Person                                , file:///home/poorna/capstone/rag-refactor/ragRefactor/sample_dbs/code_ql/spring-petclinic/src/main/java/org/springframework/samples/petclinic/model/Person.java:28:14:28:19              , Constructor , Person             , BaseEntity                     , file:///home/poorna/capstone/rag-refactor/ragRefactor/sample_dbs/code_ql/spring-petclinic/src/main/java/org/springframework/samples/petclinic/model/BaseEntity.java:33:14:33:23          , BaseEntity         , Constructor 
 super(...)                          , file:///home/poorna/capstone/rag-refactor/ragRefactor/sample_dbs/code_ql/spring-petclinic/src/main/java/org/springframework/samples/petclinic/owner/Owner.java:47:14:47:18               , SuperConstructorInvocationStmt , Owner                                 , file:///home/poorna/capstone/rag-refactor/ragRefactor/sample_dbs/code_ql/spring-petclinic/src/main/java/org/springframework/samples/petclinic/owner/Owner.java:47:14:47:18               , Constructor , Owner              , Person                         , file:///home/poorna/capstone/rag-refactor/ragRefactor/sample_dbs/code_ql/spring-petclinic/src/main/java/org/springframework/samples/petclinic/model/Person.java:28:14:28:19              , Person             , Constructor 
 <obinit>(...)                       , file:///home/poorna/capstone/rag-refactor/ragRefactor/sample_dbs/code_ql/spring-petclinic/src/main/java/org/springframework/samples/petclinic/owner/Owner.java:47:14:47:18               , MethodCall                     , Owner                                 , file:///home/poorna/capstone/rag-refactor/ragRefactor/sample_dbs/code_ql/spring-petclinic/src/main/java/org/springframework/samples/petclinic/owner/Owner.java:47:14:47:18               , Constructor , Owner              , <obinit>                       , file:///home/poorna/capstone/rag-refactor/ragRefactor/sample_dbs/code_ql/spring-petclinic/src/main/java/org/springframework/samples/petclinic/owner/Owner.java:47:14:47:18               , Owner              , Method      
 isNew(...)                          , file:///home/poorna/capstone/rag-refactor/ragRefactor/sample_dbs/code_ql/spring-petclinic/src/main/java/org/springframework/samples/petclinic/owner/Owner.java:96:7:96:17                , MethodCall                     , addPet                                , file:///home/poorna/capstone/rag-refactor/ragRefactor/sample_dbs/code_ql/spring-petclinic/src/main/java/org/springframework/samples/petclinic/owner/Owner.java:95:14:95:19               , Method      , Owner              , isNew                          , file:///home/poorna/capstone/rag-refactor/ragRefactor/sample_dbs/code_ql/spring-petclinic/src/main/java/org/springframework/samples/petclinic/model/BaseEntity.java:47:17:47:21          , BaseEntity         , Method      
 getPets(...)                        , file:///home/poorna/capstone/rag-refactor/ragRefactor/sample_dbs/code_ql/spring-petclinic/src/main/java/org/springframework/samples/petclinic/owner/Owner.java:97:4:97:12                , MethodCall                     , addPet                                , file:///home/poorna/capstone/rag-refactor/ragRefactor/sample_dbs/code_ql/spring-petclinic/src/main/java/org/springframework/samples/petclinic/owner/Owner.java:95:14:95:19               , Method      , Owner              , getPets                        , file:///home/poorna/capstone/rag-refactor/ragRefactor/sample_dbs/code_ql/spring-petclinic/src/main/java/org/springframework/samples/petclinic/owner/Owner.java:91:19:91:25               , Owner              , Method      
 getPet(...)                         , file:///home/poorna/capstone/rag-refactor/ragRefactor/sample_dbs/code_ql/spring-petclinic/src/main/java/org/springframework/samples/petclinic/owner/Owner.java:107:10:107:28             , MethodCall                     , getPet                                , file:///home/poorna/capstone/rag-refactor/ragRefactor/sample_dbs/code_ql/spring-petclinic/src/main/java/org/springframework/samples/petclinic/owner/Owner.java:106:13:106:18             , Method      , Owner              , getPet                         , file:///home/poorna/capstone/rag-refactor/ragRefactor/sample_dbs/code_ql/spring-petclinic/src/main/java/org/springframework/samples/petclinic/owner/Owner.java:132:13:132:18             , Owner              , Method      
 getPets(...)                        , file:///home/poorna/capstone/rag-refactor/ragRefactor/sample_dbs/code_ql/spring-petclinic/src/main/java/org/springframework/samples/petclinic/owner/Owner.java:116:18:116:26             , MethodCall                     , getPet                                , file:///home/poorna/capstone/rag-refactor/ragRefactor/sample_dbs/code_ql/spring-petclinic/src/main/java/org/springframework/samples/petclinic/owner/Owner.java:115:13:115:18             , Method      , Owner              , getPets                        , file:///home/poorna/capstone/rag-refactor/ragRefactor/sample_dbs/code_ql/spring-petclinic/src/main/java/org/springframework/samples/petclinic/owner/Owner.java:91:19:91:25               , Owner              , Method      
 isNew(...)                          , file:///home/poorna/capstone/rag-refactor/ragRefactor/sample_dbs/code_ql/spring-petclinic/src/main/java/org/springframework/samples/petclinic/owner/Owner.java:117:9:117:19              , MethodCall                     , getPet                                , file:///home/poorna/capstone/rag-refactor/ragRefactor/sample_dbs/code_ql/spring-petclinic/src/main/java/org/springframework/samples/petclinic/owner/Owner.java:115:13:115:18             , Method      , Owner              , isNew                          , file:///home/poorna/capstone/rag-refactor/ragRefactor/sample_dbs/code_ql/spring-petclinic/src/main/java/org/springframework/samples/petclinic/model/BaseEntity.java:47:17:47:21          , BaseEntity         , Method      
 getId(...)                          , file:///home/poorna/capstone/rag-refactor/ragRefactor/sample_dbs/code_ql/spring-petclinic/src/main/java/org/springframework/samples/petclinic/owner/Owner.java:118:22:118:32             , MethodCall                     , getPet                                , file:///home/poorna/capstone/rag-refactor/ragRefactor/sample_dbs/code_ql/spring-petclinic/src/main/java/org/springframework/samples/petclinic/owner/Owner.java:115:13:115:18             , Method      , Owner              , getId                          , file:///home/poorna/capstone/rag-refactor/ragRefactor/sample_dbs/code_ql/spring-petclinic/src/main/java/org/springframework/samples/petclinic/model/BaseEntity.java:39:17:39:21          , BaseEntity         , Method      
 getPets(...)                        , file:///home/poorna/capstone/rag-refactor/ragRefactor/sample_dbs/code_ql/spring-petclinic/src/main/java/org/springframework/samples/petclinic/owner/Owner.java:134:18:134:26             , MethodCall                     , getPet                                , file:///home/poorna/capstone/rag-refactor/ragRefactor/sample_dbs/code_ql/spring-petclinic/src/main/java/org/springframework/samples/petclinic/owner/Owner.java:132:13:132:18             , Method      , Owner              , getPets                        , file:///home/poorna/capstone/rag-refactor/ragRefactor/sample_dbs/code_ql/spring-petclinic/src/main/java/org/springframework/samples/petclinic/owner/Owner.java:91:19:91:25               , Owner              , Method      
 getName(...)                        , file:///home/poorna/capstone/rag-refactor/ragRefactor/sample_dbs/code_ql/spring-petclinic/src/main/java/org/springframework/samples/petclinic/owner/Owner.java:135:22:135:34             , MethodCall                     , getPet                                , file:///home/poorna/capstone/rag-refactor/ragRefactor/sample_dbs/code_ql/spring-petclinic/src/main/java/org/springframework/samples/petclinic/owner/Owner.java:132:13:132:18             , Method      , Owner              , getName                        , file:///home/poorna/capstone/rag-refactor/ragRefactor/sample_dbs/code_ql/spring-petclinic/src/main/java/org/springframework/samples/petclinic/model/NamedEntity.java:34:16:34:22         , NamedEntity        , Method      
 isNew(...)                          , file:///home/poorna/capstone/rag-refactor/ragRefactor/sample_dbs/code_ql/spring-petclinic/src/main/java/org/springframework/samples/petclinic/owner/Owner.java:137:24:137:34             , MethodCall                     , getPet                                , file:///home/poorna/capstone/rag-refactor/ragRefactor/sample_dbs/code_ql/spring-petclinic/src/main/java/org/springframework/samples/petclinic/owner/Owner.java:132:13:132:18             , Method      , Owner              , isNew                          , file:///home/poorna/capstone/rag-refactor/ragRefactor/sample_dbs/code_ql/spring-petclinic/src/main/java/org/springframework/samples/petclinic/model/BaseEntity.java:47:17:47:21          , BaseEntity         , Method      
 getFirstName(...)                   , file:///home/poorna/capstone/rag-refactor/ragRefactor/sample_dbs/code_ql/spring-petclinic/src/main/java/org/springframework/samples/petclinic/owner/Owner.java:150:25:150:43             , MethodCall                     , toString                              , file:///home/poorna/capstone/rag-refactor/ragRefactor/sample_dbs/code_ql/spring-petclinic/src/main/java/org/springframework/samples/petclinic/owner/Owner.java:146:16:146:23             , Method      , Owner              , getFirstName                   , file:///home/poorna/capstone/rag-refactor/ragRefactor/sample_dbs/code_ql/spring-petclinic/src/main/java/org/springframework/samples/petclinic/model/Person.java:38:16:38:27              , Person             , Method      
 getLastName(...)                    , file:///home/poorna/capstone/rag-refactor/ragRefactor/sample_dbs/code_ql/spring-petclinic/src/main/java/org/springframework/samples/petclinic/owner/Owner.java:149:24:149:41             , MethodCall                     , toString                              , file:///home/poorna/capstone/rag-refactor/ragRefactor/sample_dbs/code_ql/spring-petclinic/src/main/java/org/springframework/samples/petclinic/owner/Owner.java:146:16:146:23             , Method      , Owner              , getLastName                    , file:///home/poorna/capstone/rag-refactor/ragRefactor/sample_dbs/code_ql/spring-petclinic/src/main/java/org/springframework/samples/petclinic/model/Person.java:46:16:46:26              , Person             , Method      
 isNew(...)                          , file:///home/poorna/capstone/rag-refactor/ragRefactor/sample_dbs/code_ql/spring-petclinic/src/main/java/org/springframework/samples/petclinic/owner/Owner.java:148:19:148:30             , MethodCall                     , toString                              , file:///home/poorna/capstone/rag-refactor/ragRefactor/sample_dbs/code_ql/spring-petclinic/src/main/java/org/springframework/samples/petclinic/owner/Owner.java:146:16:146:23             , Method      , Owner              , isNew                          , file:///home/poorna/capstone/rag-refactor/ragRefactor/sample_dbs/code_ql/spring-petclinic/src/main/java/org/springframework/samples/petclinic/model/BaseEntity.java:47:17:47:21          , BaseEntity         , Method      
 getId(...)                          , file:///home/poorna/capstone/rag-refactor/ragRefactor/sample_dbs/code_ql/spring-petclinic/src/main/java/org/springframework/samples/petclinic/owner/Owner.java:147:49:147:60             , MethodCall                     , toString                              , file:///home/poorna/capstone/rag-refactor/ragRefactor/sample_dbs/code_ql/spring-petclinic/src/main/java/org/springframework/samples/petclinic/owner/Owner.java:146:16:146:23             , Method      , Owner              , getId                          , file:///home/poorna/capstone/rag-refactor/ragRefactor/sample_dbs/code_ql/spring-petclinic/src/main/java/org/springframework/samples/petclinic/model/BaseEntity.java:39:17:39:21          , BaseEntity         , Method      
 getPet(...)                         , file:///home/poorna/capstone/rag-refactor/ragRefactor/sample_dbs/code_ql/spring-petclinic/src/main/java/org/springframework/samples/petclinic/owner/Owner.java:167:13:167:25             , MethodCall                     , addVisit                              , file:///home/poorna/capstone/rag-refactor/ragRefactor/sample_dbs/code_ql/spring-petclinic/src/main/java/org/springframework/samples/petclinic/owner/Owner.java:162:14:162:21             , Method      , Owner              , getPet                         , file:///home/poorna/capstone/rag-refactor/ragRefactor/sample_dbs/code_ql/spring-petclinic/src/main/java/org/springframework/samples/petclinic/owner/Owner.java:115:13:115:18             , Owner              , Method      
 addVisit(...)                       , file:///home/poorna/capstone/rag-refactor/ragRefactor/sample_dbs/code_ql/spring-petclinic/src/main/java/org/springframework/samples/petclinic/owner/Owner.java:171:3:171:21              , MethodCall                     , addVisit                              , file:///home/poorna/capstone/rag-refactor/ragRefactor/sample_dbs/code_ql/spring-petclinic/src/main/java/org/springframework/samples/petclinic/owner/Owner.java:162:14:162:21             , Method      , Owner              , addVisit                       , file:///home/poorna/capstone/rag-refactor/ragRefactor/sample_dbs/code_ql/spring-petclinic/src/main/java/org/springframework/samples/petclinic/owner/Pet.java:80:14:80:21                 , Pet                , Method      
 new Owner(...)                      , file:///home/poorna/capstone/rag-refactor/ragRefactor/sample_dbs/code_ql/spring-petclinic/src/main/java/org/springframework/samples/petclinic/owner/OwnerController.java:63:28:63:38     , ClassInstanceExpr              , findOwner                             , file:///home/poorna/capstone/rag-refactor/ragRefactor/sample_dbs/code_ql/spring-petclinic/src/main/java/org/springframework/samples/petclinic/owner/OwnerController.java:62:15:62:23     , Method      , OwnerController    , Owner                          , file:///home/poorna/capstone/rag-refactor/ragRefactor/sample_dbs/code_ql/spring-petclinic/src/main/java/org/springframework/samples/petclinic/owner/Owner.java:47:14:47:18               , Owner              , Constructor 
 findById(...)                       , file:///home/poorna/capstone/rag-refactor/ragRefactor/sample_dbs/code_ql/spring-petclinic/src/main/java/org/springframework/samples/petclinic/owner/OwnerController.java:63:42:63:70     , MethodCall                     , findOwner                             , file:///home/poorna/capstone/rag-refactor/ragRefactor/sample_dbs/code_ql/spring-petclinic/src/main/java/org/springframework/samples/petclinic/owner/OwnerController.java:62:15:62:23     , Method      , OwnerController    , findById                       , file:///home/poorna/capstone/rag-refactor/ragRefactor/sample_dbs/code_ql/spring-petclinic/src/main/java/org/springframework/samples/petclinic/owner/OwnerRepository.java:67:8:67:15      , OwnerRepository    , Method      
 new Owner(...)                      , file:///home/poorna/capstone/rag-refactor/ragRefactor/sample_dbs/code_ql/spring-petclinic/src/main/java/org/springframework/samples/petclinic/owner/OwnerController.java:68:17:68:27     , ClassInstanceExpr              , initCreationForm                      , file:///home/poorna/capstone/rag-refactor/ragRefactor/sample_dbs/code_ql/spring-petclinic/src/main/java/org/springframework/samples/petclinic/owner/OwnerController.java:67:16:67:31     , Method      , OwnerController    , Owner                          , file:///home/poorna/capstone/rag-refactor/ragRefactor/sample_dbs/code_ql/spring-petclinic/src/main/java/org/springframework/samples/petclinic/owner/Owner.java:47:14:47:18               , Owner              , Constructor 
 save(...)                           , file:///home/poorna/capstone/rag-refactor/ragRefactor/sample_dbs/code_ql/spring-petclinic/src/main/java/org/springframework/samples/petclinic/owner/OwnerController.java:80:3:80:25      , MethodCall                     , processCreationForm                   , file:///home/poorna/capstone/rag-refactor/ragRefactor/sample_dbs/code_ql/spring-petclinic/src/main/java/org/springframework/samples/petclinic/owner/OwnerController.java:74:16:74:34     , Method      , OwnerController    , save                           , file:///home/poorna/capstone/rag-refactor/ragRefactor/sample_dbs/code_ql/spring-petclinic/src/main/java/org/springframework/samples/petclinic/owner/OwnerRepository.java:73:7:73:10      , OwnerRepository    , Method      
 getId(...)                          , file:///home/poorna/capstone/rag-refactor/ragRefactor/sample_dbs/code_ql/spring-petclinic/src/main/java/org/springframework/samples/petclinic/owner/OwnerController.java:82:32:82:44     , MethodCall                     , processCreationForm                   , file:///home/poorna/capstone/rag-refactor/ragRefactor/sample_dbs/code_ql/spring-petclinic/src/main/java/org/springframework/samples/petclinic/owner/OwnerController.java:74:16:74:34     , Method      , OwnerController    , getId                          , file:///home/poorna/capstone/rag-refactor/ragRefactor/sample_dbs/code_ql/spring-petclinic/src/main/java/org/springframework/samples/petclinic/model/BaseEntity.java:39:17:39:21          , BaseEntity         , Method      
 findPaginatedForOwnersLastName(...) , file:///home/poorna/capstone/rag-refactor/ragRefactor/sample_dbs/code_ql/spring-petclinic/src/main/java/org/springframework/samples/petclinic/owner/OwnerController.java:99:31:99:87     , MethodCall                     , processFindForm                       , file:///home/poorna/capstone/rag-refactor/ragRefactor/sample_dbs/code_ql/spring-petclinic/src/main/java/org/springframework/samples/petclinic/owner/OwnerController.java:91:16:91:30     , Method      , OwnerController    , findPaginatedForOwnersLastName , file:///home/poorna/capstone/rag-refactor/ragRefactor/sample_dbs/code_ql/spring-petclinic/src/main/java/org/springframework/samples/petclinic/owner/OwnerController.java:125:22:125:51   , OwnerController    , Method      
 getLastName(...)                    , file:///home/poorna/capstone/rag-refactor/ragRefactor/sample_dbs/code_ql/spring-petclinic/src/main/java/org/springframework/samples/petclinic/owner/OwnerController.java:99:68:99:86     , MethodCall                     , processFindForm                       , file:///home/poorna/capstone/rag-refactor/ragRefactor/sample_dbs/code_ql/spring-petclinic/src/main/java/org/springframework/samples/petclinic/owner/OwnerController.java:91:16:91:30     , Method      , OwnerController    , getLastName                    , file:///home/poorna/capstone/rag-refactor/ragRefactor/sample_dbs/code_ql/spring-petclinic/src/main/java/org/springframework/samples/petclinic/model/Person.java:46:16:46:26              , Person             , Method      
 getLastName(...)                    , file:///home/poorna/capstone/rag-refactor/ragRefactor/sample_dbs/code_ql/spring-petclinic/src/main/java/org/springframework/samples/petclinic/owner/OwnerController.java:94:7:94:25      , MethodCall                     , processFindForm                       , file:///home/poorna/capstone/rag-refactor/ragRefactor/sample_dbs/code_ql/spring-petclinic/src/main/java/org/springframework/samples/petclinic/owner/OwnerController.java:91:16:91:30     , Method      , OwnerController    , getLastName                    , file:///home/poorna/capstone/rag-refactor/ragRefactor/sample_dbs/code_ql/spring-petclinic/src/main/java/org/springframework/samples/petclinic/model/Person.java:46:16:46:26              , Person             , Method      
 setLastName(...)                    , file:///home/poorna/capstone/rag-refactor/ragRefactor/sample_dbs/code_ql/spring-petclinic/src/main/java/org/springframework/samples/petclinic/owner/OwnerController.java:95:4:95:24      , MethodCall                     , processFindForm                       , file:///home/poorna/capstone/rag-refactor/ragRefactor/sample_dbs/code_ql/spring-petclinic/src/main/java/org/springframework/samples/petclinic/owner/OwnerController.java:91:16:91:30     , Method      , OwnerController    , setLastName                    , file:///home/poorna/capstone/rag-refactor/ragRefactor/sample_dbs/code_ql/spring-petclinic/src/main/java/org/springframework/samples/petclinic/model/Person.java:50:14:50:24              , Person             , Method      
 getId(...)                          , file:///home/poorna/capstone/rag-refactor/ragRefactor/sample_dbs/code_ql/spring-petclinic/src/main/java/org/springframework/samples/petclinic/owner/OwnerController.java:109:33:109:45   , MethodCall                     , processFindForm                       , file:///home/poorna/capstone/rag-refactor/ragRefactor/sample_dbs/code_ql/spring-petclinic/src/main/java/org/springframework/samples/petclinic/owner/OwnerController.java:91:16:91:30     , Method      , OwnerController    , getId                          , file:///home/poorna/capstone/rag-refactor/ragRefactor/sample_dbs/code_ql/spring-petclinic/src/main/java/org/springframework/samples/petclinic/model/BaseEntity.java:39:17:39:21          , BaseEntity         , Method      
 addPaginationModel(...)             , file:///home/poorna/capstone/rag-refactor/ragRefactor/sample_dbs/code_ql/spring-petclinic/src/main/java/org/springframework/samples/petclinic/owner/OwnerController.java:113:10:113:55   , MethodCall                     , processFindForm                       , file:///home/poorna/capstone/rag-refactor/ragRefactor/sample_dbs/code_ql/spring-petclinic/src/main/java/org/springframework/samples/petclinic/owner/OwnerController.java:91:16:91:30     , Method      , OwnerController    , addPaginationModel             , file:///home/poorna/capstone/rag-refactor/ragRefactor/sample_dbs/code_ql/spring-petclinic/src/main/java/org/springframework/samples/petclinic/owner/OwnerController.java:116:17:116:34   , OwnerController    , Method      
 findByLastName(...)                 , file:///home/poorna/capstone/rag-refactor/ragRefactor/sample_dbs/code_ql/spring-petclinic/src/main/java/org/springframework/samples/petclinic/owner/OwnerController.java:128:10:128:50   , MethodCall                     , findPaginatedForOwnersLastName        , file:///home/poorna/capstone/rag-refactor/ragRefactor/sample_dbs/code_ql/spring-petclinic/src/main/java/org/springframework/samples/petclinic/owner/OwnerController.java:125:22:125:51   , Method      , OwnerController    , findByLastName                 , file:///home/poorna/capstone/rag-refactor/ragRefactor/sample_dbs/code_ql/spring-petclinic/src/main/java/org/springframework/samples/petclinic/owner/OwnerRepository.java:58:14:58:27     , OwnerRepository    , Method      
 findById(...)                       , file:///home/poorna/capstone/rag-refactor/ragRefactor/sample_dbs/code_ql/spring-petclinic/src/main/java/org/springframework/samples/petclinic/owner/OwnerController.java:133:17:133:45   , MethodCall                     , initUpdateOwnerForm                   , file:///home/poorna/capstone/rag-refactor/ragRefactor/sample_dbs/code_ql/spring-petclinic/src/main/java/org/springframework/samples/petclinic/owner/OwnerController.java:132:16:132:34   , Method      , OwnerController    , findById                       , file:///home/poorna/capstone/rag-refactor/ragRefactor/sample_dbs/code_ql/spring-petclinic/src/main/java/org/springframework/samples/petclinic/owner/OwnerRepository.java:67:8:67:15      , OwnerRepository    , Method      
 setId(...)                          , file:///home/poorna/capstone/rag-refactor/ragRefactor/sample_dbs/code_ql/spring-petclinic/src/main/java/org/springframework/samples/petclinic/owner/OwnerController.java:146:3:146:22    , MethodCall                     , processUpdateOwnerForm                , file:///home/poorna/capstone/rag-refactor/ragRefactor/sample_dbs/code_ql/spring-petclinic/src/main/java/org/springframework/samples/petclinic/owner/OwnerController.java:139:16:139:37   , Method      , OwnerController    , setId                          , file:///home/poorna/capstone/rag-refactor/ragRefactor/sample_dbs/code_ql/spring-petclinic/src/main/java/org/springframework/samples/petclinic/model/BaseEntity.java:43:14:43:18          , BaseEntity         , Method      
 save(...)                           , file:///home/poorna/capstone/rag-refactor/ragRefactor/sample_dbs/code_ql/spring-petclinic/src/main/java/org/springframework/samples/petclinic/owner/OwnerController.java:147:3:147:25    , MethodCall                     , processUpdateOwnerForm                , file:///home/poorna/capstone/rag-refactor/ragRefactor/sample_dbs/code_ql/spring-petclinic/src/main/java/org/springframework/samples/petclinic/owner/OwnerController.java:139:16:139:37   , Method      , OwnerController    , save                           , file:///home/poorna/capstone/rag-refactor/ragRefactor/sample_dbs/code_ql/spring-petclinic/src/main/java/org/springframework/samples/petclinic/owner/OwnerRepository.java:73:7:73:10      , OwnerRepository    , Method      
 findById(...)                       , file:///home/poorna/capstone/rag-refactor/ragRefactor/sample_dbs/code_ql/spring-petclinic/src/main/java/org/springframework/samples/petclinic/owner/OwnerController.java:160:17:160:45   , MethodCall                     , showOwner                             , file:///home/poorna/capstone/rag-refactor/ragRefactor/sample_dbs/code_ql/spring-petclinic/src/main/java/org/springframework/samples/petclinic/owner/OwnerController.java:158:22:158:30   , Method      , OwnerController    , findById                       , file:///home/poorna/capstone/rag-refactor/ragRefactor/sample_dbs/code_ql/spring-petclinic/src/main/java/org/springframework/samples/petclinic/owner/OwnerRepository.java:67:8:67:15      , OwnerRepository    , Method      
 super(...)                          , file:///home/poorna/capstone/rag-refactor/ragRefactor/sample_dbs/code_ql/spring-petclinic/src/main/java/org/springframework/samples/petclinic/owner/Pet.java:45:14:45:16                 , SuperConstructorInvocationStmt , Pet                                   , file:///home/poorna/capstone/rag-refactor/ragRefactor/sample_dbs/code_ql/spring-petclinic/src/main/java/org/springframework/samples/petclinic/owner/Pet.java:45:14:45:16                 , Constructor , Pet                , NamedEntity                    , file:///home/poorna/capstone/rag-refactor/ragRefactor/sample_dbs/code_ql/spring-petclinic/src/main/java/org/springframework/samples/petclinic/model/NamedEntity.java:29:14:29:24         , NamedEntity        , Constructor 
 <obinit>(...)                       , file:///home/poorna/capstone/rag-refactor/ragRefactor/sample_dbs/code_ql/spring-petclinic/src/main/java/org/springframework/samples/petclinic/owner/Pet.java:45:14:45:16                 , MethodCall                     , Pet                                   , file:///home/poorna/capstone/rag-refactor/ragRefactor/sample_dbs/code_ql/spring-petclinic/src/main/java/org/springframework/samples/petclinic/owner/Pet.java:45:14:45:16                 , Constructor , Pet                , <obinit>                       , file:///home/poorna/capstone/rag-refactor/ragRefactor/sample_dbs/code_ql/spring-petclinic/src/main/java/org/springframework/samples/petclinic/owner/Pet.java:45:14:45:16                 , Pet                , Method      
 getVisits(...)                      , file:///home/poorna/capstone/rag-refactor/ragRefactor/sample_dbs/code_ql/spring-petclinic/src/main/java/org/springframework/samples/petclinic/owner/Pet.java:81:3:81:13                  , MethodCall                     , addVisit                              , file:///home/poorna/capstone/rag-refactor/ragRefactor/sample_dbs/code_ql/spring-petclinic/src/main/java/org/springframework/samples/petclinic/owner/Pet.java:80:14:80:21                 , Method      , Pet                , getVisits                      , file:///home/poorna/capstone/rag-refactor/ragRefactor/sample_dbs/code_ql/spring-petclinic/src/main/java/org/springframework/samples/petclinic/owner/Pet.java:76:27:76:35                 , Pet                , Method      
 findPetTypes(...)                   , file:///home/poorna/capstone/rag-refactor/ragRefactor/sample_dbs/code_ql/spring-petclinic/src/main/java/org/springframework/samples/petclinic/owner/PetController.java:55:10:55:35       , MethodCall                     , populatePetTypes                      , file:///home/poorna/capstone/rag-refactor/ragRefactor/sample_dbs/code_ql/spring-petclinic/src/main/java/org/springframework/samples/petclinic/owner/PetController.java:54:29:54:44       , Method      , PetController      , findPetTypes                   , file:///home/poorna/capstone/rag-refactor/ragRefactor/sample_dbs/code_ql/spring-petclinic/src/main/java/org/springframework/samples/petclinic/owner/OwnerRepository.java:46:16:46:27     , OwnerRepository    , Method      
 findById(...)                       , file:///home/poorna/capstone/rag-refactor/ragRefactor/sample_dbs/code_ql/spring-petclinic/src/main/java/org/springframework/samples/petclinic/owner/PetController.java:61:17:61:45       , MethodCall                     , findOwner                             , file:///home/poorna/capstone/rag-refactor/ragRefactor/sample_dbs/code_ql/spring-petclinic/src/main/java/org/springframework/samples/petclinic/owner/PetController.java:59:15:59:23       , Method      , PetController      , findById                       , file:///home/poorna/capstone/rag-refactor/ragRefactor/sample_dbs/code_ql/spring-petclinic/src/main/java/org/springframework/samples/petclinic/owner/OwnerRepository.java:67:8:67:15      , OwnerRepository    , Method      
 findById(...)                       , file:///home/poorna/capstone/rag-refactor/ragRefactor/sample_dbs/code_ql/spring-petclinic/src/main/java/org/springframework/samples/petclinic/owner/PetController.java:76:17:76:45       , MethodCall                     , findPet                               , file:///home/poorna/capstone/rag-refactor/ragRefactor/sample_dbs/code_ql/spring-petclinic/src/main/java/org/springframework/samples/petclinic/owner/PetController.java:69:13:69:19       , Method      , PetController      , findById                       , file:///home/poorna/capstone/rag-refactor/ragRefactor/sample_dbs/code_ql/spring-petclinic/src/main/java/org/springframework/samples/petclinic/owner/OwnerRepository.java:67:8:67:15      , OwnerRepository    , Method      
 new Pet(...)                        , file:///home/poorna/capstone/rag-refactor/ragRefactor/sample_dbs/code_ql/spring-petclinic/src/main/java/org/springframework/samples/petclinic/owner/PetController.java:73:11:73:19       , ClassInstanceExpr              , findPet                               , file:///home/poorna/capstone/rag-refactor/ragRefactor/sample_dbs/code_ql/spring-petclinic/src/main/java/org/springframework/samples/petclinic/owner/PetController.java:69:13:69:19       , Method      , PetController      , Pet                            , file:///home/poorna/capstone/rag-refactor/ragRefactor/sample_dbs/code_ql/spring-petclinic/src/main/java/org/springframework/samples/petclinic/owner/Pet.java:45:14:45:16                 , Pet                , Constructor 
 getPet(...)                         , file:///home/poorna/capstone/rag-refactor/ragRefactor/sample_dbs/code_ql/spring-petclinic/src/main/java/org/springframework/samples/petclinic/owner/PetController.java:80:10:80:28       , MethodCall                     , findPet                               , file:///home/poorna/capstone/rag-refactor/ragRefactor/sample_dbs/code_ql/spring-petclinic/src/main/java/org/springframework/samples/petclinic/owner/PetController.java:69:13:69:19       , Method      , PetController      , getPet                         , file:///home/poorna/capstone/rag-refactor/ragRefactor/sample_dbs/code_ql/spring-petclinic/src/main/java/org/springframework/samples/petclinic/owner/Owner.java:115:13:115:18             , Owner              , Method      
 new PetValidator(...)               , file:///home/poorna/capstone/rag-refactor/ragRefactor/sample_dbs/code_ql/spring-petclinic/src/main/java/org/springframework/samples/petclinic/owner/PetController.java:90:27:90:44       , ClassInstanceExpr              , initPetBinder                         , file:///home/poorna/capstone/rag-refactor/ragRefactor/sample_dbs/code_ql/spring-petclinic/src/main/java/org/springframework/samples/petclinic/owner/PetController.java:89:14:89:26       , Method      , PetController      , PetValidator                   , file:///home/poorna/capstone/rag-refactor/ragRefactor/sample_dbs/code_ql/spring-petclinic/src/main/java/org/springframework/samples/petclinic/owner/PetValidator.java:32:14:32:25        , PetValidator       , Constructor 
 new Pet(...)                        , file:///home/poorna/capstone/rag-refactor/ragRefactor/sample_dbs/code_ql/spring-petclinic/src/main/java/org/springframework/samples/petclinic/owner/PetController.java:95:13:95:21       , ClassInstanceExpr              , initCreationForm                      , file:///home/poorna/capstone/rag-refactor/ragRefactor/sample_dbs/code_ql/spring-petclinic/src/main/java/org/springframework/samples/petclinic/owner/PetController.java:94:16:94:31       , Method      , PetController      , Pet                            , file:///home/poorna/capstone/rag-refactor/ragRefactor/sample_dbs/code_ql/spring-petclinic/src/main/java/org/springframework/samples/petclinic/owner/Pet.java:45:14:45:16                 , Pet                , Constructor 
 addPet(...)                         , file:///home/poorna/capstone/rag-refactor/ragRefactor/sample_dbs/code_ql/spring-petclinic/src/main/java/org/springframework/samples/petclinic/owner/PetController.java:96:3:96:19        , MethodCall                     , initCreationForm                      , file:///home/poorna/capstone/rag-refactor/ragRefactor/sample_dbs/code_ql/spring-petclinic/src/main/java/org/springframework/samples/petclinic/owner/PetController.java:94:16:94:31       , Method      , PetController      , addPet                         , file:///home/poorna/capstone/rag-refactor/ragRefactor/sample_dbs/code_ql/spring-petclinic/src/main/java/org/springframework/samples/petclinic/owner/Owner.java:95:14:95:19               , Owner              , Method      
 isNew(...)                          , file:///home/poorna/capstone/rag-refactor/ragRefactor/sample_dbs/code_ql/spring-petclinic/src/main/java/org/springframework/samples/petclinic/owner/PetController.java:104:45:104:55     , MethodCall                     , processCreationForm                   , file:///home/poorna/capstone/rag-refactor/ragRefactor/sample_dbs/code_ql/spring-petclinic/src/main/java/org/springframework/samples/petclinic/owner/PetController.java:102:16:102:34     , Method      , PetController      , isNew                          , file:///home/poorna/capstone/rag-refactor/ragRefactor/sample_dbs/code_ql/spring-petclinic/src/main/java/org/springframework/samples/petclinic/model/BaseEntity.java:47:17:47:21          , BaseEntity         , Method      
 getName(...)                        , file:///home/poorna/capstone/rag-refactor/ragRefactor/sample_dbs/code_ql/spring-petclinic/src/main/java/org/springframework/samples/petclinic/owner/PetController.java:104:27:104:39     , MethodCall                     , processCreationForm                   , file:///home/poorna/capstone/rag-refactor/ragRefactor/sample_dbs/code_ql/spring-petclinic/src/main/java/org/springframework/samples/petclinic/owner/PetController.java:102:16:102:34     , Method      , PetController      , getName                        , file:///home/poorna/capstone/rag-refactor/ragRefactor/sample_dbs/code_ql/spring-petclinic/src/main/java/org/springframework/samples/petclinic/model/NamedEntity.java:34:16:34:22         , NamedEntity        , Method      
 getPet(...)                         , file:///home/poorna/capstone/rag-refactor/ragRefactor/sample_dbs/code_ql/spring-petclinic/src/main/java/org/springframework/samples/petclinic/owner/PetController.java:104:60:104:92     , MethodCall                     , processCreationForm                   , file:///home/poorna/capstone/rag-refactor/ragRefactor/sample_dbs/code_ql/spring-petclinic/src/main/java/org/springframework/samples/petclinic/owner/PetController.java:102:16:102:34     , Method      , PetController      , getPet                         , file:///home/poorna/capstone/rag-refactor/ragRefactor/sample_dbs/code_ql/spring-petclinic/src/main/java/org/springframework/samples/petclinic/owner/Owner.java:132:13:132:18             , Owner              , Method      
 getName(...)                        , file:///home/poorna/capstone/rag-refactor/ragRefactor/sample_dbs/code_ql/spring-petclinic/src/main/java/org/springframework/samples/petclinic/owner/PetController.java:104:73:104:85     , MethodCall                     , processCreationForm                   , file:///home/poorna/capstone/rag-refactor/ragRefactor/sample_dbs/code_ql/spring-petclinic/src/main/java/org/springframework/samples/petclinic/owner/PetController.java:102:16:102:34     , Method      , PetController      , getName                        , file:///home/poorna/capstone/rag-refactor/ragRefactor/sample_dbs/code_ql/spring-petclinic/src/main/java/org/springframework/samples/petclinic/model/NamedEntity.java:34:16:34:22         , NamedEntity        , Method      
 getBirthDate(...)                   , file:///home/poorna/capstone/rag-refactor/ragRefactor/sample_dbs/code_ql/spring-petclinic/src/main/java/org/springframework/samples/petclinic/owner/PetController.java:109:7:109:24      , MethodCall                     , processCreationForm                   , file:///home/poorna/capstone/rag-refactor/ragRefactor/sample_dbs/code_ql/spring-petclinic/src/main/java/org/springframework/samples/petclinic/owner/PetController.java:102:16:102:34     , Method      , PetController      , getBirthDate                   , file:///home/poorna/capstone/rag-refactor/ragRefactor/sample_dbs/code_ql/spring-petclinic/src/main/java/org/springframework/samples/petclinic/owner/Pet.java:64:19:64:30                 , Pet                , Method      
 getBirthDate(...)                   , file:///home/poorna/capstone/rag-refactor/ragRefactor/sample_dbs/code_ql/spring-petclinic/src/main/java/org/springframework/samples/petclinic/owner/PetController.java:109:37:109:54     , MethodCall                     , processCreationForm                   , file:///home/poorna/capstone/rag-refactor/ragRefactor/sample_dbs/code_ql/spring-petclinic/src/main/java/org/springframework/samples/petclinic/owner/PetController.java:102:16:102:34     , Method      , PetController      , getBirthDate                   , file:///home/poorna/capstone/rag-refactor/ragRefactor/sample_dbs/code_ql/spring-petclinic/src/main/java/org/springframework/samples/petclinic/owner/Pet.java:64:19:64:30                 , Pet                , Method      
 addPet(...)                         , file:///home/poorna/capstone/rag-refactor/ragRefactor/sample_dbs/code_ql/spring-petclinic/src/main/java/org/springframework/samples/petclinic/owner/PetController.java:113:3:113:19      , MethodCall                     , processCreationForm                   , file:///home/poorna/capstone/rag-refactor/ragRefactor/sample_dbs/code_ql/spring-petclinic/src/main/java/org/springframework/samples/petclinic/owner/PetController.java:102:16:102:34     , Method      , PetController      , addPet                         , file:///home/poorna/capstone/rag-refactor/ragRefactor/sample_dbs/code_ql/spring-petclinic/src/main/java/org/springframework/samples/petclinic/owner/Owner.java:95:14:95:19               , Owner              , Method      
 save(...)                           , file:///home/poorna/capstone/rag-refactor/ragRefactor/sample_dbs/code_ql/spring-petclinic/src/main/java/org/springframework/samples/petclinic/owner/PetController.java:119:3:119:25      , MethodCall                     , processCreationForm                   , file:///home/poorna/capstone/rag-refactor/ragRefactor/sample_dbs/code_ql/spring-petclinic/src/main/java/org/springframework/samples/petclinic/owner/PetController.java:102:16:102:34     , Method      , PetController      , save                           , file:///home/poorna/capstone/rag-refactor/ragRefactor/sample_dbs/code_ql/spring-petclinic/src/main/java/org/springframework/samples/petclinic/owner/OwnerRepository.java:73:7:73:10      , OwnerRepository    , Method      
 getPet(...)                         , file:///home/poorna/capstone/rag-refactor/ragRefactor/sample_dbs/code_ql/spring-petclinic/src/main/java/org/springframework/samples/petclinic/owner/PetController.java:127:13:127:31     , MethodCall                     , initUpdateForm                        , file:///home/poorna/capstone/rag-refactor/ragRefactor/sample_dbs/code_ql/spring-petclinic/src/main/java/org/springframework/samples/petclinic/owner/PetController.java:125:16:125:29     , Method      , PetController      , getPet                         , file:///home/poorna/capstone/rag-refactor/ragRefactor/sample_dbs/code_ql/spring-petclinic/src/main/java/org/springframework/samples/petclinic/owner/Owner.java:115:13:115:18             , Owner              , Method      
 getName(...)                        , file:///home/poorna/capstone/rag-refactor/ragRefactor/sample_dbs/code_ql/spring-petclinic/src/main/java/org/springframework/samples/petclinic/owner/PetController.java:136:20:136:32     , MethodCall                     , processUpdateForm                     , file:///home/poorna/capstone/rag-refactor/ragRefactor/sample_dbs/code_ql/spring-petclinic/src/main/java/org/springframework/samples/petclinic/owner/PetController.java:133:16:133:32     , Method      , PetController      , getName                        , file:///home/poorna/capstone/rag-refactor/ragRefactor/sample_dbs/code_ql/spring-petclinic/src/main/java/org/springframework/samples/petclinic/model/NamedEntity.java:34:16:34:22         , NamedEntity        , Method      
 getPet(...)                         , file:///home/poorna/capstone/rag-refactor/ragRefactor/sample_dbs/code_ql/spring-petclinic/src/main/java/org/springframework/samples/petclinic/owner/PetController.java:140:22:140:63     , MethodCall                     , processUpdateForm                     , file:///home/poorna/capstone/rag-refactor/ragRefactor/sample_dbs/code_ql/spring-petclinic/src/main/java/org/springframework/samples/petclinic/owner/PetController.java:133:16:133:32     , Method      , PetController      , getPet                         , file:///home/poorna/capstone/rag-refactor/ragRefactor/sample_dbs/code_ql/spring-petclinic/src/main/java/org/springframework/samples/petclinic/owner/Owner.java:132:13:132:18             , Owner              , Method      
 getId(...)                          , file:///home/poorna/capstone/rag-refactor/ragRefactor/sample_dbs/code_ql/spring-petclinic/src/main/java/org/springframework/samples/petclinic/owner/PetController.java:141:31:141:49     , MethodCall                     , processUpdateForm                     , file:///home/poorna/capstone/rag-refactor/ragRefactor/sample_dbs/code_ql/spring-petclinic/src/main/java/org/springframework/samples/petclinic/owner/PetController.java:133:16:133:32     , Method      , PetController      , getId                          , file:///home/poorna/capstone/rag-refactor/ragRefactor/sample_dbs/code_ql/spring-petclinic/src/main/java/org/springframework/samples/petclinic/model/BaseEntity.java:39:17:39:21          , BaseEntity         , Method      
 getId(...)                          , file:///home/poorna/capstone/rag-refactor/ragRefactor/sample_dbs/code_ql/spring-petclinic/src/main/java/org/springframework/samples/petclinic/owner/PetController.java:141:54:141:64     , MethodCall                     , processUpdateForm                     , file:///home/poorna/capstone/rag-refactor/ragRefactor/sample_dbs/code_ql/spring-petclinic/src/main/java/org/springframework/samples/petclinic/owner/PetController.java:133:16:133:32     , Method      , PetController      , getId                          , file:///home/poorna/capstone/rag-refactor/ragRefactor/sample_dbs/code_ql/spring-petclinic/src/main/java/org/springframework/samples/petclinic/model/BaseEntity.java:39:17:39:21          , BaseEntity         , Method      
 getBirthDate(...)                   , file:///home/poorna/capstone/rag-refactor/ragRefactor/sample_dbs/code_ql/spring-petclinic/src/main/java/org/springframework/samples/petclinic/owner/PetController.java:147:7:147:24      , MethodCall                     , processUpdateForm                     , file:///home/poorna/capstone/rag-refactor/ragRefactor/sample_dbs/code_ql/spring-petclinic/src/main/java/org/springframework/samples/petclinic/owner/PetController.java:133:16:133:32     , Method      , PetController      , getBirthDate                   , file:///home/poorna/capstone/rag-refactor/ragRefactor/sample_dbs/code_ql/spring-petclinic/src/main/java/org/springframework/samples/petclinic/owner/Pet.java:64:19:64:30                 , Pet                , Method      
 getBirthDate(...)                   , file:///home/poorna/capstone/rag-refactor/ragRefactor/sample_dbs/code_ql/spring-petclinic/src/main/java/org/springframework/samples/petclinic/owner/PetController.java:147:37:147:54     , MethodCall                     , processUpdateForm                     , file:///home/poorna/capstone/rag-refactor/ragRefactor/sample_dbs/code_ql/spring-petclinic/src/main/java/org/springframework/samples/petclinic/owner/PetController.java:133:16:133:32     , Method      , PetController      , getBirthDate                   , file:///home/poorna/capstone/rag-refactor/ragRefactor/sample_dbs/code_ql/spring-petclinic/src/main/java/org/springframework/samples/petclinic/owner/Pet.java:64:19:64:30                 , Pet                , Method      
 addPet(...)                         , file:///home/poorna/capstone/rag-refactor/ragRefactor/sample_dbs/code_ql/spring-petclinic/src/main/java/org/springframework/samples/petclinic/owner/PetController.java:156:3:156:19      , MethodCall                     , processUpdateForm                     , file:///home/poorna/capstone/rag-refactor/ragRefactor/sample_dbs/code_ql/spring-petclinic/src/main/java/org/springframework/samples/petclinic/owner/PetController.java:133:16:133:32     , Method      , PetController      , addPet                         , file:///home/poorna/capstone/rag-refactor/ragRefactor/sample_dbs/code_ql/spring-petclinic/src/main/java/org/springframework/samples/petclinic/owner/Owner.java:95:14:95:19               , Owner              , Method      
 save(...)                           , file:///home/poorna/capstone/rag-refactor/ragRefactor/sample_dbs/code_ql/spring-petclinic/src/main/java/org/springframework/samples/petclinic/owner/PetController.java:157:3:157:25      , MethodCall                     , processUpdateForm                     , file:///home/poorna/capstone/rag-refactor/ragRefactor/sample_dbs/code_ql/spring-petclinic/src/main/java/org/springframework/samples/petclinic/owner/PetController.java:133:16:133:32     , Method      , PetController      , save                           , file:///home/poorna/capstone/rag-refactor/ragRefactor/sample_dbs/code_ql/spring-petclinic/src/main/java/org/springframework/samples/petclinic/owner/OwnerRepository.java:73:7:73:10      , OwnerRepository    , Method      
 super(...)                          , file:///home/poorna/capstone/rag-refactor/ragRefactor/sample_dbs/code_ql/spring-petclinic/src/main/java/org/springframework/samples/petclinic/owner/PetType.java:28:14:28:20             , SuperConstructorInvocationStmt , PetType                               , file:///home/poorna/capstone/rag-refactor/ragRefactor/sample_dbs/code_ql/spring-petclinic/src/main/java/org/springframework/samples/petclinic/owner/PetType.java:28:14:28:20             , Constructor , PetType            , NamedEntity                    , file:///home/poorna/capstone/rag-refactor/ragRefactor/sample_dbs/code_ql/spring-petclinic/src/main/java/org/springframework/samples/petclinic/model/NamedEntity.java:29:14:29:24         , NamedEntity        , Constructor 
 getName(...)                        , file:///home/poorna/capstone/rag-refactor/ragRefactor/sample_dbs/code_ql/spring-petclinic/src/main/java/org/springframework/samples/petclinic/owner/PetTypeFormatter.java:48:10:48:26    , MethodCall                     , print                                 , file:///home/poorna/capstone/rag-refactor/ragRefactor/sample_dbs/code_ql/spring-petclinic/src/main/java/org/springframework/samples/petclinic/owner/PetTypeFormatter.java:47:16:47:20    , Method      , PetTypeFormatter   , getName                        , file:///home/poorna/capstone/rag-refactor/ragRefactor/sample_dbs/code_ql/spring-petclinic/src/main/java/org/springframework/samples/petclinic/model/NamedEntity.java:34:16:34:22         , NamedEntity        , Method      
 findPetTypes(...)                   , file:///home/poorna/capstone/rag-refactor/ragRefactor/sample_dbs/code_ql/spring-petclinic/src/main/java/org/springframework/samples/petclinic/owner/PetTypeFormatter.java:53:38:53:63    , MethodCall                     , parse                                 , file:///home/poorna/capstone/rag-refactor/ragRefactor/sample_dbs/code_ql/spring-petclinic/src/main/java/org/springframework/samples/petclinic/owner/PetTypeFormatter.java:52:17:52:21    , Method      , PetTypeFormatter   , findPetTypes                   , file:///home/poorna/capstone/rag-refactor/ragRefactor/sample_dbs/code_ql/spring-petclinic/src/main/java/org/springframework/samples/petclinic/owner/OwnerRepository.java:46:16:46:27     , OwnerRepository    , Method      
 getName(...)                        , file:///home/poorna/capstone/rag-refactor/ragRefactor/sample_dbs/code_ql/spring-petclinic/src/main/java/org/springframework/samples/petclinic/owner/PetTypeFormatter.java:55:8:55:21     , MethodCall                     , parse                                 , file:///home/poorna/capstone/rag-refactor/ragRefactor/sample_dbs/code_ql/spring-petclinic/src/main/java/org/springframework/samples/petclinic/owner/PetTypeFormatter.java:52:17:52:21    , Method      , PetTypeFormatter   , getName                        , file:///home/poorna/capstone/rag-refactor/ragRefactor/sample_dbs/code_ql/spring-petclinic/src/main/java/org/springframework/samples/petclinic/model/NamedEntity.java:34:16:34:22         , NamedEntity        , Method      
 getName(...)                        , file:///home/poorna/capstone/rag-refactor/ragRefactor/sample_dbs/code_ql/spring-petclinic/src/main/java/org/springframework/samples/petclinic/owner/PetValidator.java:39:17:39:29        , MethodCall                     , validate                              , file:///home/poorna/capstone/rag-refactor/ragRefactor/sample_dbs/code_ql/spring-petclinic/src/main/java/org/springframework/samples/petclinic/owner/PetValidator.java:37:14:37:21        , Method      , PetValidator       , getName                        , file:///home/poorna/capstone/rag-refactor/ragRefactor/sample_dbs/code_ql/spring-petclinic/src/main/java/org/springframework/samples/petclinic/model/NamedEntity.java:34:16:34:22         , NamedEntity        , Method      
 isNew(...)                          , file:///home/poorna/capstone/rag-refactor/ragRefactor/sample_dbs/code_ql/spring-petclinic/src/main/java/org/springframework/samples/petclinic/owner/PetValidator.java:46:7:46:17         , MethodCall                     , validate                              , file:///home/poorna/capstone/rag-refactor/ragRefactor/sample_dbs/code_ql/spring-petclinic/src/main/java/org/springframework/samples/petclinic/owner/PetValidator.java:37:14:37:21        , Method      , PetValidator       , isNew                          , file:///home/poorna/capstone/rag-refactor/ragRefactor/sample_dbs/code_ql/spring-petclinic/src/main/java/org/springframework/samples/petclinic/model/BaseEntity.java:47:17:47:21          , BaseEntity         , Method      
 getType(...)                        , file:///home/poorna/capstone/rag-refactor/ragRefactor/sample_dbs/code_ql/spring-petclinic/src/main/java/org/springframework/samples/petclinic/owner/PetValidator.java:46:22:46:34        , MethodCall                     , validate                              , file:///home/poorna/capstone/rag-refactor/ragRefactor/sample_dbs/code_ql/spring-petclinic/src/main/java/org/springframework/samples/petclinic/owner/PetValidator.java:37:14:37:21        , Method      , PetValidator       , getType                        , file:///home/poorna/capstone/rag-refactor/ragRefactor/sample_dbs/code_ql/spring-petclinic/src/main/java/org/springframework/samples/petclinic/owner/Pet.java:68:17:68:23                 , Pet                , Method      
 getBirthDate(...)                   , file:///home/poorna/capstone/rag-refactor/ragRefactor/sample_dbs/code_ql/spring-petclinic/src/main/java/org/springframework/samples/petclinic/owner/PetValidator.java:51:7:51:24         , MethodCall                     , validate                              , file:///home/poorna/capstone/rag-refactor/ragRefactor/sample_dbs/code_ql/spring-petclinic/src/main/java/org/springframework/samples/petclinic/owner/PetValidator.java:37:14:37:21        , Method      , PetValidator       , getBirthDate                   , file:///home/poorna/capstone/rag-refactor/ragRefactor/sample_dbs/code_ql/spring-petclinic/src/main/java/org/springframework/samples/petclinic/owner/Pet.java:64:19:64:30                 , Pet                , Method      
 super(...)                          , file:///home/poorna/capstone/rag-refactor/ragRefactor/sample_dbs/code_ql/spring-petclinic/src/main/java/org/springframework/samples/petclinic/owner/Visit.java:48:9:48:13                , SuperConstructorInvocationStmt , Visit                                 , file:///home/poorna/capstone/rag-refactor/ragRefactor/sample_dbs/code_ql/spring-petclinic/src/main/java/org/springframework/samples/petclinic/owner/Visit.java:48:9:48:13                , Constructor , Visit              , BaseEntity                     , file:///home/poorna/capstone/rag-refactor/ragRefactor/sample_dbs/code_ql/spring-petclinic/src/main/java/org/springframework/samples/petclinic/model/BaseEntity.java:33:14:33:23          , BaseEntity         , Constructor 
 findById(...)                       , file:///home/poorna/capstone/rag-refactor/ragRefactor/sample_dbs/code_ql/spring-petclinic/src/main/java/org/springframework/samples/petclinic/owner/VisitController.java:63:17:63:45     , MethodCall                     , loadPetWithVisit                      , file:///home/poorna/capstone/rag-refactor/ragRefactor/sample_dbs/code_ql/spring-petclinic/src/main/java/org/springframework/samples/petclinic/owner/VisitController.java:61:15:61:30     , Method      , VisitController    , findById                       , file:///home/poorna/capstone/rag-refactor/ragRefactor/sample_dbs/code_ql/spring-petclinic/src/main/java/org/springframework/samples/petclinic/owner/OwnerRepository.java:67:8:67:15      , OwnerRepository    , Method      
 getPet(...)                         , file:///home/poorna/capstone/rag-refactor/ragRefactor/sample_dbs/code_ql/spring-petclinic/src/main/java/org/springframework/samples/petclinic/owner/VisitController.java:65:13:65:31     , MethodCall                     , loadPetWithVisit                      , file:///home/poorna/capstone/rag-refactor/ragRefactor/sample_dbs/code_ql/spring-petclinic/src/main/java/org/springframework/samples/petclinic/owner/VisitController.java:61:15:61:30     , Method      , VisitController    , getPet                         , file:///home/poorna/capstone/rag-refactor/ragRefactor/sample_dbs/code_ql/spring-petclinic/src/main/java/org/springframework/samples/petclinic/owner/Owner.java:115:13:115:18             , Owner              , Method      
 new Visit(...)                      , file:///home/poorna/capstone/rag-refactor/ragRefactor/sample_dbs/code_ql/spring-petclinic/src/main/java/org/springframework/samples/petclinic/owner/VisitController.java:69:17:69:27     , ClassInstanceExpr              , loadPetWithVisit                      , file:///home/poorna/capstone/rag-refactor/ragRefactor/sample_dbs/code_ql/spring-petclinic/src/main/java/org/springframework/samples/petclinic/owner/VisitController.java:61:15:61:30     , Method      , VisitController    , Visit                          , file:///home/poorna/capstone/rag-refactor/ragRefactor/sample_dbs/code_ql/spring-petclinic/src/main/java/org/springframework/samples/petclinic/owner/Visit.java:48:9:48:13                , Visit              , Constructor 
 addVisit(...)                       , file:///home/poorna/capstone/rag-refactor/ragRefactor/sample_dbs/code_ql/spring-petclinic/src/main/java/org/springframework/samples/petclinic/owner/VisitController.java:70:3:70:21      , MethodCall                     , loadPetWithVisit                      , file:///home/poorna/capstone/rag-refactor/ragRefactor/sample_dbs/code_ql/spring-petclinic/src/main/java/org/springframework/samples/petclinic/owner/VisitController.java:61:15:61:30     , Method      , VisitController    , addVisit                       , file:///home/poorna/capstone/rag-refactor/ragRefactor/sample_dbs/code_ql/spring-petclinic/src/main/java/org/springframework/samples/petclinic/owner/Pet.java:80:14:80:21                 , Pet                , Method      
 addVisit(...)                       , file:///home/poorna/capstone/rag-refactor/ragRefactor/sample_dbs/code_ql/spring-petclinic/src/main/java/org/springframework/samples/petclinic/owner/VisitController.java:90:3:90:30      , MethodCall                     , processNewVisitForm                   , file:///home/poorna/capstone/rag-refactor/ragRefactor/sample_dbs/code_ql/spring-petclinic/src/main/java/org/springframework/samples/petclinic/owner/VisitController.java:84:16:84:34     , Method      , VisitController    , addVisit                       , file:///home/poorna/capstone/rag-refactor/ragRefactor/sample_dbs/code_ql/spring-petclinic/src/main/java/org/springframework/samples/petclinic/owner/Owner.java:162:14:162:21             , Owner              , Method      
 save(...)                           , file:///home/poorna/capstone/rag-refactor/ragRefactor/sample_dbs/code_ql/spring-petclinic/src/main/java/org/springframework/samples/petclinic/owner/VisitController.java:91:3:91:25      , MethodCall                     , processNewVisitForm                   , file:///home/poorna/capstone/rag-refactor/ragRefactor/sample_dbs/code_ql/spring-petclinic/src/main/java/org/springframework/samples/petclinic/owner/VisitController.java:84:16:84:34     , Method      , VisitController    , save                           , file:///home/poorna/capstone/rag-refactor/ragRefactor/sample_dbs/code_ql/spring-petclinic/src/main/java/org/springframework/samples/petclinic/owner/OwnerRepository.java:73:7:73:10      , OwnerRepository    , Method      
 ...->...                            , file:///home/poorna/capstone/rag-refactor/ragRefactor/sample_dbs/code_ql/spring-petclinic/src/main/java/org/springframework/samples/petclinic/system/CacheConfiguration.java:37:10:37:59 , LambdaExpr                     , petclinicCacheConfigurationCustomizer , file:///home/poorna/capstone/rag-refactor/ragRefactor/sample_dbs/code_ql/spring-petclinic/src/main/java/org/springframework/samples/petclinic/system/CacheConfiguration.java:36:33:36:69 , Method      , CacheConfiguration ,                                , file:///home/poorna/capstone/rag-refactor/ragRefactor/sample_dbs/code_ql/spring-petclinic/src/main/java/org/springframework/samples/petclinic/system/CacheConfiguration.java:37:10:37:59 , CacheConfiguration , Constructor 
 cacheConfiguration(...)             , file:///home/poorna/capstone/rag-refactor/ragRefactor/sample_dbs/code_ql/spring-petclinic/src/main/java/org/springframework/samples/petclinic/system/CacheConfiguration.java:37:39:37:58 , MethodCall                     , customize                             , file:///home/poorna/capstone/rag-refactor/ragRefactor/sample_dbs/code_ql/spring-petclinic/src/main/java/org/springframework/samples/petclinic/system/CacheConfiguration.java:37:10:37:59 , Method      , CacheConfiguration , cacheConfiguration             , file:///home/poorna/capstone/rag-refactor/ragRefactor/sample_dbs/code_ql/spring-petclinic/src/main/java/org/springframework/samples/petclinic/system/CacheConfiguration.java:49:66:49:83 , CacheConfiguration , Method      
 super(...)                          , file:///home/poorna/capstone/rag-refactor/ragRefactor/sample_dbs/code_ql/spring-petclinic/src/main/java/org/springframework/samples/petclinic/vet/Specialty.java:30:14:30:22             , SuperConstructorInvocationStmt , Specialty                             , file:///home/poorna/capstone/rag-refactor/ragRefactor/sample_dbs/code_ql/spring-petclinic/src/main/java/org/springframework/samples/petclinic/vet/Specialty.java:30:14:30:22             , Constructor , Specialty          , NamedEntity                    , file:///home/poorna/capstone/rag-refactor/ragRefactor/sample_dbs/code_ql/spring-petclinic/src/main/java/org/springframework/samples/petclinic/model/NamedEntity.java:29:14:29:24         , NamedEntity        , Constructor 
 super(...)                          , file:///home/poorna/capstone/rag-refactor/ragRefactor/sample_dbs/code_ql/spring-petclinic/src/main/java/org/springframework/samples/petclinic/vet/Vet.java:46:14:46:16                   , SuperConstructorInvocationStmt , Vet                                   , file:///home/poorna/capstone/rag-refactor/ragRefactor/sample_dbs/code_ql/spring-petclinic/src/main/java/org/springframework/samples/petclinic/vet/Vet.java:46:14:46:16                   , Constructor , Vet                , Person                         , file:///home/poorna/capstone/rag-refactor/ragRefactor/sample_dbs/code_ql/spring-petclinic/src/main/java/org/springframework/samples/petclinic/model/Person.java:28:14:28:19              , Person             , Constructor 
 getSpecialtiesInternal(...)         , file:///home/poorna/capstone/rag-refactor/ragRefactor/sample_dbs/code_ql/spring-petclinic/src/main/java/org/springframework/samples/petclinic/vet/Vet.java:66:49:66:72                   , MethodCall                     , getSpecialties                        , file:///home/poorna/capstone/rag-refactor/ragRefactor/sample_dbs/code_ql/spring-petclinic/src/main/java/org/springframework/samples/petclinic/vet/Vet.java:65:25:65:38                   , Method      , Vet                , getSpecialtiesInternal         , file:///home/poorna/capstone/rag-refactor/ragRefactor/sample_dbs/code_ql/spring-petclinic/src/main/java/org/springframework/samples/petclinic/vet/Vet.java:53:27:53:48                   , Vet                , Method      
 getSpecialtiesInternal(...)         , file:///home/poorna/capstone/rag-refactor/ragRefactor/sample_dbs/code_ql/spring-petclinic/src/main/java/org/springframework/samples/petclinic/vet/Vet.java:72:10:72:33                   , MethodCall                     , getNrOfSpecialties                    , file:///home/poorna/capstone/rag-refactor/ragRefactor/sample_dbs/code_ql/spring-petclinic/src/main/java/org/springframework/samples/petclinic/vet/Vet.java:71:13:71:30                   , Method      , Vet                , getSpecialtiesInternal         , file:///home/poorna/capstone/rag-refactor/ragRefactor/sample_dbs/code_ql/spring-petclinic/src/main/java/org/springframework/samples/petclinic/vet/Vet.java:53:27:53:48                   , Vet                , Method      
 getSpecialtiesInternal(...)         , file:///home/poorna/capstone/rag-refactor/ragRefactor/sample_dbs/code_ql/spring-petclinic/src/main/java/org/springframework/samples/petclinic/vet/Vet.java:76:3:76:26                    , MethodCall                     , addSpecialty                          , file:///home/poorna/capstone/rag-refactor/ragRefactor/sample_dbs/code_ql/spring-petclinic/src/main/java/org/springframework/samples/petclinic/vet/Vet.java:75:14:75:25                   , Method      , Vet                , getSpecialtiesInternal         , file:///home/poorna/capstone/rag-refactor/ragRefactor/sample_dbs/code_ql/spring-petclinic/src/main/java/org/springframework/samples/petclinic/vet/Vet.java:53:27:53:48                   , Vet                , Method      
 new Vets(...)                       , file:///home/poorna/capstone/rag-refactor/ragRefactor/sample_dbs/code_ql/spring-petclinic/src/main/java/org/springframework/samples/petclinic/vet/VetController.java:48:15:48:24         , ClassInstanceExpr              , showVetList                           , file:///home/poorna/capstone/rag-refactor/ragRefactor/sample_dbs/code_ql/spring-petclinic/src/main/java/org/springframework/samples/petclinic/vet/VetController.java:45:16:45:26         , Method      , VetController      , Vets                           , file:///home/poorna/capstone/rag-refactor/ragRefactor/sample_dbs/code_ql/spring-petclinic/src/main/java/org/springframework/samples/petclinic/vet/Vets.java:31:14:31:17                  , Vets               , Constructor 
 findPaginated(...)                  , file:///home/poorna/capstone/rag-refactor/ragRefactor/sample_dbs/code_ql/spring-petclinic/src/main/java/org/springframework/samples/petclinic/vet/VetController.java:49:25:49:43         , MethodCall                     , showVetList                           , file:///home/poorna/capstone/rag-refactor/ragRefactor/sample_dbs/code_ql/spring-petclinic/src/main/java/org/springframework/samples/petclinic/vet/VetController.java:45:16:45:26         , Method      , VetController      , findPaginated                  , file:///home/poorna/capstone/rag-refactor/ragRefactor/sample_dbs/code_ql/spring-petclinic/src/main/java/org/springframework/samples/petclinic/vet/VetController.java:63:20:63:32         , VetController      , Method      
 getVetList(...)                     , file:///home/poorna/capstone/rag-refactor/ragRefactor/sample_dbs/code_ql/spring-petclinic/src/main/java/org/springframework/samples/petclinic/vet/VetController.java:50:3:50:19          , MethodCall                     , showVetList                           , file:///home/poorna/capstone/rag-refactor/ragRefactor/sample_dbs/code_ql/spring-petclinic/src/main/java/org/springframework/samples/petclinic/vet/VetController.java:45:16:45:26         , Method      , VetController      , getVetList                     , file:///home/poorna/capstone/rag-refactor/ragRefactor/sample_dbs/code_ql/spring-petclinic/src/main/java/org/springframework/samples/petclinic/vet/Vets.java:36:19:36:28                  , Vets               , Method      
 addPaginationModel(...)             , file:///home/poorna/capstone/rag-refactor/ragRefactor/sample_dbs/code_ql/spring-petclinic/src/main/java/org/springframework/samples/petclinic/vet/VetController.java:51:10:51:51         , MethodCall                     , showVetList                           , file:///home/poorna/capstone/rag-refactor/ragRefactor/sample_dbs/code_ql/spring-petclinic/src/main/java/org/springframework/samples/petclinic/vet/VetController.java:45:16:45:26         , Method      , VetController      , addPaginationModel             , file:///home/poorna/capstone/rag-refactor/ragRefactor/sample_dbs/code_ql/spring-petclinic/src/main/java/org/springframework/samples/petclinic/vet/VetController.java:54:17:54:34         , VetController      , Method      
 findAll(...)                        , file:///home/poorna/capstone/rag-refactor/ragRefactor/sample_dbs/code_ql/spring-petclinic/src/main/java/org/springframework/samples/petclinic/vet/VetController.java:66:10:66:40         , MethodCall                     , findPaginated                         , file:///home/poorna/capstone/rag-refactor/ragRefactor/sample_dbs/code_ql/spring-petclinic/src/main/java/org/springframework/samples/petclinic/vet/VetController.java:63:20:63:32         , Method      , VetController      , findAll                        , file:///home/poorna/capstone/rag-refactor/ragRefactor/sample_dbs/code_ql/spring-petclinic/src/main/java/org/springframework/samples/petclinic/vet/VetRepository.java:56:12:56:18         , VetRepository      , Method      
 new Vets(...)                       , file:///home/poorna/capstone/rag-refactor/ragRefactor/sample_dbs/code_ql/spring-petclinic/src/main/java/org/springframework/samples/petclinic/vet/VetController.java:73:15:73:24         , ClassInstanceExpr              , showResourcesVetList                  , file:///home/poorna/capstone/rag-refactor/ragRefactor/sample_dbs/code_ql/spring-petclinic/src/main/java/org/springframework/samples/petclinic/vet/VetController.java:70:28:70:47         , Method      , VetController      , Vets                           , file:///home/poorna/capstone/rag-refactor/ragRefactor/sample_dbs/code_ql/spring-petclinic/src/main/java/org/springframework/samples/petclinic/vet/Vets.java:31:14:31:17                  , Vets               , Constructor 
 getVetList(...)                     , file:///home/poorna/capstone/rag-refactor/ragRefactor/sample_dbs/code_ql/spring-petclinic/src/main/java/org/springframework/samples/petclinic/vet/VetController.java:74:3:74:19          , MethodCall                     , showResourcesVetList                  , file:///home/poorna/capstone/rag-refactor/ragRefactor/sample_dbs/code_ql/spring-petclinic/src/main/java/org/springframework/samples/petclinic/vet/VetController.java:70:28:70:47         , Method      , VetController      , getVetList                     , file:///home/poorna/capstone/rag-refactor/ragRefactor/sample_dbs/code_ql/spring-petclinic/src/main/java/org/springframework/samples/petclinic/vet/Vets.java:36:19:36:28                  , Vets               , Method      
 findAll(...)                        , file:///home/poorna/capstone/rag-refactor/ragRefactor/sample_dbs/code_ql/spring-petclinic/src/main/java/org/springframework/samples/petclinic/vet/VetController.java:74:28:74:55         , MethodCall                     , showResourcesVetList                  , file:///home/poorna/capstone/rag-refactor/ragRefactor/sample_dbs/code_ql/spring-petclinic/src/main/java/org/springframework/samples/petclinic/vet/VetController.java:70:28:70:47         , Method      , VetController      , findAll                        , file:///home/poorna/capstone/rag-refactor/ragRefactor/sample_dbs/code_ql/spring-petclinic/src/main/java/org/springframework/samples/petclinic/vet/VetRepository.java:46:18:46:24         , VetRepository      , Method      
 getId(...)                          , file:///home/poorna/capstone/rag-refactor/ragRefactor/sample_dbs/code_ql/spring-petclinic/src/test/java/org/springframework/samples/petclinic/service/EntityUtils.java:46:8:46:21        , MethodCall                     , getById                               , file:///home/poorna/capstone/rag-refactor/ragRefactor/sample_dbs/code_ql/spring-petclinic/src/test/java/org/springframework/samples/petclinic/service/EntityUtils.java:43:41:43:47       , Method      , EntityUtils        , getId                          , file:///home/poorna/capstone/rag-refactor/ragRefactor/sample_dbs/code_ql/spring-petclinic/src/main/java/org/springframework/samples/petclinic/model/BaseEntity.java:39:17:39:21          , BaseEntity         , Method      
