package,cllable_file_class,callable,param_types,return_type,callable_location
 org.springframework.samples.petclinic         , MysqlTestApplication            , main                                  , (String[])                                                , void                              , file:///home/poorna/capstone/rag-refactor/ragRefactor/sample_dbs/code_ql/spring-petclinic/src/test/java/org/springframework/samples/petclinic/MysqlTestApplication.java:42:21:42:24                   
 org.springframework.samples.petclinic         , MysqlTestApplication            , container                             , ()                                                        , MySQLContainer<?>                 , file:///home/poorna/capstone/rag-refactor/ragRefactor/sample_dbs/code_ql/spring-petclinic/src/test/java/org/springframework/samples/petclinic/MysqlTestApplication.java:38:27:38:35                   
 org.springframework.samples.petclinic         , MysqlTestApplication            , MysqlTestApplication                  , ()                                                        , void                              , file:///home/poorna/capstone/rag-refactor/ragRefactor/sample_dbs/code_ql/spring-petclinic/src/test/java/org/springframework/samples/petclinic/MysqlTestApplication.java:33:14:33:33                   
 org.springframework.samples.petclinic         , PostgresIntegrationTests        , printProperties                       , ()                                                        , void                              , file:///home/poorna/capstone/rag-refactor/ragRefactor/sample_dbs/code_ql/spring-petclinic/src/test/java/org/springframework/samples/petclinic/PostgresIntegrationTests.java:110:15:110:29             
 org.springframework.samples.petclinic         , PostgresIntegrationTests        , onApplicationEvent                    , (ApplicationPreparedEvent)                                , void                              , file:///home/poorna/capstone/rag-refactor/ragRefactor/sample_dbs/code_ql/spring-petclinic/src/test/java/org/springframework/samples/petclinic/PostgresIntegrationTests.java:102:15:102:32             
 org.springframework.samples.petclinic         , PostgresIntegrationTests        , PropertiesLogger                      , ()                                                        , void                              , file:///home/poorna/capstone/rag-refactor/ragRefactor/sample_dbs/code_ql/spring-petclinic/src/test/java/org/springframework/samples/petclinic/PostgresIntegrationTests.java:93:15:93:30               
 org.springframework.samples.petclinic         , PostgresIntegrationTests        , findPropertiesPropertySources         , ()                                                        , List<EnumerablePropertySource<?>> , file:///home/poorna/capstone/rag-refactor/ragRefactor/sample_dbs/code_ql/spring-petclinic/src/test/java/org/springframework/samples/petclinic/PostgresIntegrationTests.java:128:45:128:73             
 org.springframework.samples.petclinic         , PostgresIntegrationTests        , <obinit>                              , ()                                                        , void                              , file:///home/poorna/capstone/rag-refactor/ragRefactor/sample_dbs/code_ql/spring-petclinic/src/test/java/org/springframework/samples/petclinic/PostgresIntegrationTests.java:93:15:93:30               
 org.springframework.samples.petclinic         , PostgresIntegrationTests        , <clinit>                              , ()                                                        , void                              , file:///home/poorna/capstone/rag-refactor/ragRefactor/sample_dbs/code_ql/spring-petclinic/src/test/java/org/springframework/samples/petclinic/PostgresIntegrationTests.java:93:15:93:30               
 org.springframework.samples.petclinic         , PetClinicApplication            , main                                  , (String[])                                                , void                              , file:///home/poorna/capstone/rag-refactor/ragRefactor/sample_dbs/code_ql/spring-petclinic/src/main/java/org/springframework/samples/petclinic/PetClinicApplication.java:37:21:37:24                   
 org.springframework.samples.petclinic         , PetClinicApplication            , PetClinicApplication                  , ()                                                        , void                              , file:///home/poorna/capstone/rag-refactor/ragRefactor/sample_dbs/code_ql/spring-petclinic/src/main/java/org/springframework/samples/petclinic/PetClinicApplication.java:35:14:35:33                   
 org.springframework.samples.petclinic         , PetClinicRuntimeHints           , registerHints                         ," (RuntimeHints, ClassLoader)                               ", void                              , file:///home/poorna/capstone/rag-refactor/ragRefactor/sample_dbs/code_ql/spring-petclinic/src/main/java/org/springframework/samples/petclinic/PetClinicRuntimeHints.java:28:14:28:26                  
 org.springframework.samples.petclinic         , PetClinicRuntimeHints           , PetClinicRuntimeHints                 , ()                                                        , void                              , file:///home/poorna/capstone/rag-refactor/ragRefactor/sample_dbs/code_ql/spring-petclinic/src/main/java/org/springframework/samples/petclinic/PetClinicRuntimeHints.java:25:14:25:34                  
 org.springframework.samples.petclinic.model   , Person                          , setLastName                           , (String)                                                  , void                              , file:///home/poorna/capstone/rag-refactor/ragRefactor/sample_dbs/code_ql/spring-petclinic/src/main/java/org/springframework/samples/petclinic/model/Person.java:50:14:50:24                           
 org.springframework.samples.petclinic.model   , Person                          , getLastName                           , ()                                                        , String                            , file:///home/poorna/capstone/rag-refactor/ragRefactor/sample_dbs/code_ql/spring-petclinic/src/main/java/org/springframework/samples/petclinic/model/Person.java:46:16:46:26                           
 org.springframework.samples.petclinic.model   , Person                          , setFirstName                          , (String)                                                  , void                              , file:///home/poorna/capstone/rag-refactor/ragRefactor/sample_dbs/code_ql/spring-petclinic/src/main/java/org/springframework/samples/petclinic/model/Person.java:42:14:42:25                           
 org.springframework.samples.petclinic.model   , Person                          , getFirstName                          , ()                                                        , String                            , file:///home/poorna/capstone/rag-refactor/ragRefactor/sample_dbs/code_ql/spring-petclinic/src/main/java/org/springframework/samples/petclinic/model/Person.java:38:16:38:27                           
 org.springframework.samples.petclinic.model   , Person                          , Person                                , ()                                                        , void                              , file:///home/poorna/capstone/rag-refactor/ragRefactor/sample_dbs/code_ql/spring-petclinic/src/main/java/org/springframework/samples/petclinic/model/Person.java:28:14:28:19                           
 org.springframework.samples.petclinic.model   , NamedEntity                     , toString                              , ()                                                        , String                            , file:///home/poorna/capstone/rag-refactor/ragRefactor/sample_dbs/code_ql/spring-petclinic/src/main/java/org/springframework/samples/petclinic/model/NamedEntity.java:43:16:43:23                      
 org.springframework.samples.petclinic.model   , NamedEntity                     , setName                               , (String)                                                  , void                              , file:///home/poorna/capstone/rag-refactor/ragRefactor/sample_dbs/code_ql/spring-petclinic/src/main/java/org/springframework/samples/petclinic/model/NamedEntity.java:38:14:38:20                      
 org.springframework.samples.petclinic.model   , NamedEntity                     , getName                               , ()                                                        , String                            , file:///home/poorna/capstone/rag-refactor/ragRefactor/sample_dbs/code_ql/spring-petclinic/src/main/java/org/springframework/samples/petclinic/model/NamedEntity.java:34:16:34:22                      
 org.springframework.samples.petclinic.model   , NamedEntity                     , NamedEntity                           , ()                                                        , void                              , file:///home/poorna/capstone/rag-refactor/ragRefactor/sample_dbs/code_ql/spring-petclinic/src/main/java/org/springframework/samples/petclinic/model/NamedEntity.java:29:14:29:24                      
 org.springframework.samples.petclinic.model   , BaseEntity                      , isNew                                 , ()                                                        , boolean                           , file:///home/poorna/capstone/rag-refactor/ragRefactor/sample_dbs/code_ql/spring-petclinic/src/main/java/org/springframework/samples/petclinic/model/BaseEntity.java:47:17:47:21                       
 org.springframework.samples.petclinic.model   , BaseEntity                      , setId                                 , (Integer)                                                 , void                              , file:///home/poorna/capstone/rag-refactor/ragRefactor/sample_dbs/code_ql/spring-petclinic/src/main/java/org/springframework/samples/petclinic/model/BaseEntity.java:43:14:43:18                       
 org.springframework.samples.petclinic.model   , BaseEntity                      , getId                                 , ()                                                        , Integer                           , file:///home/poorna/capstone/rag-refactor/ragRefactor/sample_dbs/code_ql/spring-petclinic/src/main/java/org/springframework/samples/petclinic/model/BaseEntity.java:39:17:39:21                       
 org.springframework.samples.petclinic.model   , BaseEntity                      , BaseEntity                            , ()                                                        , void                              , file:///home/poorna/capstone/rag-refactor/ragRefactor/sample_dbs/code_ql/spring-petclinic/src/main/java/org/springframework/samples/petclinic/model/BaseEntity.java:33:14:33:23                       
 org.springframework.samples.petclinic.owner   , PetTypeFormatterTests           ,                                       , ()                                                        , void                              , file:///home/poorna/capstone/rag-refactor/ragRefactor/sample_dbs/code_ql/spring-petclinic/src/test/java/org/springframework/samples/petclinic/owner/PetTypeFormatterTests.java:73:49:75:3             
 org.springframework.samples.petclinic.owner   , PetTypeFormatterTests           , execute                               , ()                                                        , void                              , file:///home/poorna/capstone/rag-refactor/ragRefactor/sample_dbs/code_ql/spring-petclinic/src/test/java/org/springframework/samples/petclinic/owner/PetTypeFormatterTests.java:73:49:75:3             
 org.springframework.samples.petclinic.owner   , PetTypeFormatterTests           ,                                       , ()                                                        , void                              , file:///home/poorna/capstone/rag-refactor/ragRefactor/sample_dbs/code_ql/spring-petclinic/src/test/java/org/springframework/samples/petclinic/owner/PetTypeFormatterTests.java:84:20:84:26            
 org.springframework.samples.petclinic.owner   , PetTypeFormatterTests           , <obinit>                              , ()                                                        , void                              , file:///home/poorna/capstone/rag-refactor/ragRefactor/sample_dbs/code_ql/spring-petclinic/src/test/java/org/springframework/samples/petclinic/owner/PetTypeFormatterTests.java:84:20:84:26            
 org.springframework.samples.petclinic.owner   , PetTypeFormatterTests           ,                                       , ()                                                        , void                              , file:///home/poorna/capstone/rag-refactor/ragRefactor/sample_dbs/code_ql/spring-petclinic/src/test/java/org/springframework/samples/petclinic/owner/PetTypeFormatterTests.java:89:20:89:26            
 org.springframework.samples.petclinic.owner   , PetTypeFormatterTests           , <obinit>                              , ()                                                        , void                              , file:///home/poorna/capstone/rag-refactor/ragRefactor/sample_dbs/code_ql/spring-petclinic/src/test/java/org/springframework/samples/petclinic/owner/PetTypeFormatterTests.java:89:20:89:26            
 org.springframework.samples.petclinic.owner   , OwnerControllerTests            , describeTo                            , (Description)                                             , void                              , file:///home/poorna/capstone/rag-refactor/ragRefactor/sample_dbs/code_ql/spring-petclinic/src/test/java/org/springframework/samples/petclinic/owner/OwnerControllerTests.java:241:17:241:26           
 org.springframework.samples.petclinic.owner   , OwnerControllerTests            , matches                               , (Object)                                                  , boolean                           , file:///home/poorna/capstone/rag-refactor/ragRefactor/sample_dbs/code_ql/spring-petclinic/src/test/java/org/springframework/samples/petclinic/owner/OwnerControllerTests.java:230:20:230:26           
 org.springframework.samples.petclinic.owner   , OwnerControllerTests            ,                                       , ()                                                        , void                              , file:///home/poorna/capstone/rag-refactor/ragRefactor/sample_dbs/code_ql/spring-petclinic/src/test/java/org/springframework/samples/petclinic/owner/OwnerControllerTests.java:227:66:227:87           
 org.springframework.samples.petclinic.owner   , PetController                   , processUpdateForm                     ," (Pet, BindingResult, Owner, ModelMap, RedirectAttributes) ", String                            , file:///home/poorna/capstone/rag-refactor/ragRefactor/sample_dbs/code_ql/spring-petclinic/src/main/java/org/springframework/samples/petclinic/owner/PetController.java:133:16:133:32                  
 org.springframework.samples.petclinic.owner   , PetController                   , initUpdateForm                        ," (Owner, int, ModelMap, RedirectAttributes)                ", String                            , file:///home/poorna/capstone/rag-refactor/ragRefactor/sample_dbs/code_ql/spring-petclinic/src/main/java/org/springframework/samples/petclinic/owner/PetController.java:125:16:125:29                  
 org.springframework.samples.petclinic.owner   , PetController                   , processCreationForm                   ," (Owner, Pet, BindingResult, ModelMap, RedirectAttributes) ", String                            , file:///home/poorna/capstone/rag-refactor/ragRefactor/sample_dbs/code_ql/spring-petclinic/src/main/java/org/springframework/samples/petclinic/owner/PetController.java:102:16:102:34                  
 org.springframework.samples.petclinic.owner   , PetController                   , initCreationForm                      ," (Owner, ModelMap)                                         ", String                            , file:///home/poorna/capstone/rag-refactor/ragRefactor/sample_dbs/code_ql/spring-petclinic/src/main/java/org/springframework/samples/petclinic/owner/PetController.java:94:16:94:31                    
 org.springframework.samples.petclinic.owner   , PetController                   , initPetBinder                         , (WebDataBinder)                                           , void                              , file:///home/poorna/capstone/rag-refactor/ragRefactor/sample_dbs/code_ql/spring-petclinic/src/main/java/org/springframework/samples/petclinic/owner/PetController.java:89:14:89:26                    
 org.springframework.samples.petclinic.owner   , PetController                   , initOwnerBinder                       , (WebDataBinder)                                           , void                              , file:///home/poorna/capstone/rag-refactor/ragRefactor/sample_dbs/code_ql/spring-petclinic/src/main/java/org/springframework/samples/petclinic/owner/PetController.java:84:14:84:28                    
 org.springframework.samples.petclinic.owner   , PetController                   , findPet                               ," (int, Integer)                                            ", Pet                               , file:///home/poorna/capstone/rag-refactor/ragRefactor/sample_dbs/code_ql/spring-petclinic/src/main/java/org/springframework/samples/petclinic/owner/PetController.java:69:13:69:19                    
 org.springframework.samples.petclinic.owner   , PetController                   , findOwner                             , (int)                                                     , Owner                             , file:///home/poorna/capstone/rag-refactor/ragRefactor/sample_dbs/code_ql/spring-petclinic/src/main/java/org/springframework/samples/petclinic/owner/PetController.java:59:15:59:23                    
 org.springframework.samples.petclinic.owner   , PetController                   , populatePetTypes                      , ()                                                        , Collection<PetType>               , file:///home/poorna/capstone/rag-refactor/ragRefactor/sample_dbs/code_ql/spring-petclinic/src/main/java/org/springframework/samples/petclinic/owner/PetController.java:54:29:54:44                    
 org.springframework.samples.petclinic.owner   , PetController                   , PetController                         , (OwnerRepository)                                         , void                              , file:///home/poorna/capstone/rag-refactor/ragRefactor/sample_dbs/code_ql/spring-petclinic/src/main/java/org/springframework/samples/petclinic/owner/PetController.java:49:9:49:21                     
 org.springframework.samples.petclinic.owner   , PetController                   , <clinit>                              , ()                                                        , void                              , file:///home/poorna/capstone/rag-refactor/ragRefactor/sample_dbs/code_ql/spring-petclinic/src/main/java/org/springframework/samples/petclinic/owner/PetController.java:43:7:43:19                     
 org.springframework.samples.petclinic.owner   , Visit                           , setDescription                        , (String)                                                  , void                              , file:///home/poorna/capstone/rag-refactor/ragRefactor/sample_dbs/code_ql/spring-petclinic/src/main/java/org/springframework/samples/petclinic/owner/Visit.java:64:14:64:27                            
 org.springframework.samples.petclinic.owner   , Visit                           , getDescription                        , ()                                                        , String                            , file:///home/poorna/capstone/rag-refactor/ragRefactor/sample_dbs/code_ql/spring-petclinic/src/main/java/org/springframework/samples/petclinic/owner/Visit.java:60:16:60:29                            
 org.springframework.samples.petclinic.owner   , Visit                           , setDate                               , (LocalDate)                                               , void                              , file:///home/poorna/capstone/rag-refactor/ragRefactor/sample_dbs/code_ql/spring-petclinic/src/main/java/org/springframework/samples/petclinic/owner/Visit.java:56:14:56:20                            
 org.springframework.samples.petclinic.owner   , Visit                           , getDate                               , ()                                                        , LocalDate                         , file:///home/poorna/capstone/rag-refactor/ragRefactor/sample_dbs/code_ql/spring-petclinic/src/main/java/org/springframework/samples/petclinic/owner/Visit.java:52:19:52:25                            
 org.springframework.samples.petclinic.owner   , Visit                           , Visit                                 , ()                                                        , void                              , file:///home/poorna/capstone/rag-refactor/ragRefactor/sample_dbs/code_ql/spring-petclinic/src/main/java/org/springframework/samples/petclinic/owner/Visit.java:48:9:48:13                             
 org.springframework.samples.petclinic.owner   , PetValidator                    , supports                              , (Class<?>)                                                , boolean                           , file:///home/poorna/capstone/rag-refactor/ragRefactor/sample_dbs/code_ql/spring-petclinic/src/main/java/org/springframework/samples/petclinic/owner/PetValidator.java:60:17:60:24                     
 org.springframework.samples.petclinic.owner   , PetValidator                    , validate                              ," (Object, Errors)                                          ", void                              , file:///home/poorna/capstone/rag-refactor/ragRefactor/sample_dbs/code_ql/spring-petclinic/src/main/java/org/springframework/samples/petclinic/owner/PetValidator.java:37:14:37:21                     
 org.springframework.samples.petclinic.owner   , PetValidator                    , PetValidator                          , ()                                                        , void                              , file:///home/poorna/capstone/rag-refactor/ragRefactor/sample_dbs/code_ql/spring-petclinic/src/main/java/org/springframework/samples/petclinic/owner/PetValidator.java:32:14:32:25                     
 org.springframework.samples.petclinic.owner   , PetValidator                    , <clinit>                              , ()                                                        , void                              , file:///home/poorna/capstone/rag-refactor/ragRefactor/sample_dbs/code_ql/spring-petclinic/src/main/java/org/springframework/samples/petclinic/owner/PetValidator.java:32:14:32:25                     
 org.springframework.samples.petclinic.owner   , VisitController                 , processNewVisitForm                   ," (Owner, int, Visit, BindingResult, RedirectAttributes)    ", String                            , file:///home/poorna/capstone/rag-refactor/ragRefactor/sample_dbs/code_ql/spring-petclinic/src/main/java/org/springframework/samples/petclinic/owner/VisitController.java:84:16:84:34                  
 org.springframework.samples.petclinic.owner   , VisitController                 , initNewVisitForm                      , ()                                                        , String                            , file:///home/poorna/capstone/rag-refactor/ragRefactor/sample_dbs/code_ql/spring-petclinic/src/main/java/org/springframework/samples/petclinic/owner/VisitController.java:77:16:77:31                  
 org.springframework.samples.petclinic.owner   , VisitController                 , loadPetWithVisit                      ," (int, int, Map<String,Object>)                            ", Visit                             , file:///home/poorna/capstone/rag-refactor/ragRefactor/sample_dbs/code_ql/spring-petclinic/src/main/java/org/springframework/samples/petclinic/owner/VisitController.java:61:15:61:30                  
 org.springframework.samples.petclinic.owner   , VisitController                 , setAllowedFields                      , (WebDataBinder)                                           , void                              , file:///home/poorna/capstone/rag-refactor/ragRefactor/sample_dbs/code_ql/spring-petclinic/src/main/java/org/springframework/samples/petclinic/owner/VisitController.java:49:14:49:29                  
 org.springframework.samples.petclinic.owner   , VisitController                 , VisitController                       , (OwnerRepository)                                         , void                              , file:///home/poorna/capstone/rag-refactor/ragRefactor/sample_dbs/code_ql/spring-petclinic/src/main/java/org/springframework/samples/petclinic/owner/VisitController.java:44:9:44:23                   
 org.springframework.samples.petclinic.owner   , OwnerController                 , showOwner                             , (int)                                                     , ModelAndView                      , file:///home/poorna/capstone/rag-refactor/ragRefactor/sample_dbs/code_ql/spring-petclinic/src/main/java/org/springframework/samples/petclinic/owner/OwnerController.java:158:22:158:30                
 org.springframework.samples.petclinic.owner   , OwnerController                 , processUpdateOwnerForm                ," (Owner, BindingResult, int, RedirectAttributes)           ", String                            , file:///home/poorna/capstone/rag-refactor/ragRefactor/sample_dbs/code_ql/spring-petclinic/src/main/java/org/springframework/samples/petclinic/owner/OwnerController.java:139:16:139:37                
 org.springframework.samples.petclinic.owner   , OwnerController                 , initUpdateOwnerForm                   ," (int, Model)                                              ", String                            , file:///home/poorna/capstone/rag-refactor/ragRefactor/sample_dbs/code_ql/spring-petclinic/src/main/java/org/springframework/samples/petclinic/owner/OwnerController.java:132:16:132:34                
 org.springframework.samples.petclinic.owner   , OwnerController                 , processFindForm                       ," (int, Owner, BindingResult, Model)                        ", String                            , file:///home/poorna/capstone/rag-refactor/ragRefactor/sample_dbs/code_ql/spring-petclinic/src/main/java/org/springframework/samples/petclinic/owner/OwnerController.java:91:16:91:30                  
 org.springframework.samples.petclinic.owner   , OwnerController                 , initFindForm                          , ()                                                        , String                            , file:///home/poorna/capstone/rag-refactor/ragRefactor/sample_dbs/code_ql/spring-petclinic/src/main/java/org/springframework/samples/petclinic/owner/OwnerController.java:86:16:86:27                  
 org.springframework.samples.petclinic.owner   , OwnerController                 , processCreationForm                   ," (Owner, BindingResult, RedirectAttributes)                ", String                            , file:///home/poorna/capstone/rag-refactor/ragRefactor/sample_dbs/code_ql/spring-petclinic/src/main/java/org/springframework/samples/petclinic/owner/OwnerController.java:74:16:74:34                  
 org.springframework.samples.petclinic.owner   , OwnerController                 , initCreationForm                      ," (Map<String,Object>)                                      ", String                            , file:///home/poorna/capstone/rag-refactor/ragRefactor/sample_dbs/code_ql/spring-petclinic/src/main/java/org/springframework/samples/petclinic/owner/OwnerController.java:67:16:67:31                  
 org.springframework.samples.petclinic.owner   , OwnerController                 , findOwner                             , (Integer)                                                 , Owner                             , file:///home/poorna/capstone/rag-refactor/ragRefactor/sample_dbs/code_ql/spring-petclinic/src/main/java/org/springframework/samples/petclinic/owner/OwnerController.java:62:15:62:23                  
 org.springframework.samples.petclinic.owner   , OwnerController                 , setAllowedFields                      , (WebDataBinder)                                           , void                              , file:///home/poorna/capstone/rag-refactor/ragRefactor/sample_dbs/code_ql/spring-petclinic/src/main/java/org/springframework/samples/petclinic/owner/OwnerController.java:57:14:57:29                  
 org.springframework.samples.petclinic.owner   , OwnerController                 , OwnerController                       , (OwnerRepository)                                         , void                              , file:///home/poorna/capstone/rag-refactor/ragRefactor/sample_dbs/code_ql/spring-petclinic/src/main/java/org/springframework/samples/petclinic/owner/OwnerController.java:52:9:52:23                   
 org.springframework.samples.petclinic.owner   , OwnerController                 , findPaginatedForOwnersLastName        ," (int, String)                                             ", Page<Owner>                       , file:///home/poorna/capstone/rag-refactor/ragRefactor/sample_dbs/code_ql/spring-petclinic/src/main/java/org/springframework/samples/petclinic/owner/OwnerController.java:125:22:125:51                
 org.springframework.samples.petclinic.owner   , OwnerController                 , addPaginationModel                    ," (int, Model, Page<Owner>)                                 ", String                            , file:///home/poorna/capstone/rag-refactor/ragRefactor/sample_dbs/code_ql/spring-petclinic/src/main/java/org/springframework/samples/petclinic/owner/OwnerController.java:116:17:116:34                
 org.springframework.samples.petclinic.owner   , OwnerController                 , <clinit>                              , ()                                                        , void                              , file:///home/poorna/capstone/rag-refactor/ragRefactor/sample_dbs/code_ql/spring-petclinic/src/main/java/org/springframework/samples/petclinic/owner/OwnerController.java:46:7:46:21                   
 org.springframework.samples.petclinic.owner   , PetType                         , PetType                               , ()                                                        , void                              , file:///home/poorna/capstone/rag-refactor/ragRefactor/sample_dbs/code_ql/spring-petclinic/src/main/java/org/springframework/samples/petclinic/owner/PetType.java:28:14:28:20                          
 org.springframework.samples.petclinic.owner   , Pet                             , addVisit                              , (Visit)                                                   , void                              , file:///home/poorna/capstone/rag-refactor/ragRefactor/sample_dbs/code_ql/spring-petclinic/src/main/java/org/springframework/samples/petclinic/owner/Pet.java:80:14:80:21                              
 org.springframework.samples.petclinic.owner   , Pet                             , getVisits                             , ()                                                        , Collection<Visit>                 , file:///home/poorna/capstone/rag-refactor/ragRefactor/sample_dbs/code_ql/spring-petclinic/src/main/java/org/springframework/samples/petclinic/owner/Pet.java:76:27:76:35                              
 org.springframework.samples.petclinic.owner   , Pet                             , setType                               , (PetType)                                                 , void                              , file:///home/poorna/capstone/rag-refactor/ragRefactor/sample_dbs/code_ql/spring-petclinic/src/main/java/org/springframework/samples/petclinic/owner/Pet.java:72:14:72:20                              
 org.springframework.samples.petclinic.owner   , Pet                             , getType                               , ()                                                        , PetType                           , file:///home/poorna/capstone/rag-refactor/ragRefactor/sample_dbs/code_ql/spring-petclinic/src/main/java/org/springframework/samples/petclinic/owner/Pet.java:68:17:68:23                              
 org.springframework.samples.petclinic.owner   , Pet                             , getBirthDate                          , ()                                                        , LocalDate                         , file:///home/poorna/capstone/rag-refactor/ragRefactor/sample_dbs/code_ql/spring-petclinic/src/main/java/org/springframework/samples/petclinic/owner/Pet.java:64:19:64:30                              
 org.springframework.samples.petclinic.owner   , Pet                             , setBirthDate                          , (LocalDate)                                               , void                              , file:///home/poorna/capstone/rag-refactor/ragRefactor/sample_dbs/code_ql/spring-petclinic/src/main/java/org/springframework/samples/petclinic/owner/Pet.java:60:14:60:25                              
 org.springframework.samples.petclinic.owner   , Pet                             , Pet                                   , ()                                                        , void                              , file:///home/poorna/capstone/rag-refactor/ragRefactor/sample_dbs/code_ql/spring-petclinic/src/main/java/org/springframework/samples/petclinic/owner/Pet.java:45:14:45:16                              
 org.springframework.samples.petclinic.owner   , Pet                             , <obinit>                              , ()                                                        , void                              , file:///home/poorna/capstone/rag-refactor/ragRefactor/sample_dbs/code_ql/spring-petclinic/src/main/java/org/springframework/samples/petclinic/owner/Pet.java:45:14:45:16                              
 org.springframework.samples.petclinic.owner   , PetTypeFormatter                , parse                                 ," (String, Locale)                                          ", PetType                           , file:///home/poorna/capstone/rag-refactor/ragRefactor/sample_dbs/code_ql/spring-petclinic/src/main/java/org/springframework/samples/petclinic/owner/PetTypeFormatter.java:52:17:52:21                 
 org.springframework.samples.petclinic.owner   , PetTypeFormatter                , print                                 ," (PetType, Locale)                                         ", String                            , file:///home/poorna/capstone/rag-refactor/ragRefactor/sample_dbs/code_ql/spring-petclinic/src/main/java/org/springframework/samples/petclinic/owner/PetTypeFormatter.java:47:16:47:20                 
 org.springframework.samples.petclinic.owner   , PetTypeFormatter                , PetTypeFormatter                      , (OwnerRepository)                                         , void                              , file:///home/poorna/capstone/rag-refactor/ragRefactor/sample_dbs/code_ql/spring-petclinic/src/main/java/org/springframework/samples/petclinic/owner/PetTypeFormatter.java:42:9:42:24                  
 org.springframework.samples.petclinic.owner   , Owner                           , addVisit                              ," (Integer, Visit)                                          ", void                              , file:///home/poorna/capstone/rag-refactor/ragRefactor/sample_dbs/code_ql/spring-petclinic/src/main/java/org/springframework/samples/petclinic/owner/Owner.java:162:14:162:21                          
 org.springframework.samples.petclinic.owner   , Owner                           , toString                              , ()                                                        , String                            , file:///home/poorna/capstone/rag-refactor/ragRefactor/sample_dbs/code_ql/spring-petclinic/src/main/java/org/springframework/samples/petclinic/owner/Owner.java:146:16:146:23                          
 org.springframework.samples.petclinic.owner   , Owner                           , getPet                                ," (String, boolean)                                         ", Pet                               , file:///home/poorna/capstone/rag-refactor/ragRefactor/sample_dbs/code_ql/spring-petclinic/src/main/java/org/springframework/samples/petclinic/owner/Owner.java:132:13:132:18                          
 org.springframework.samples.petclinic.owner   , Owner                           , getPet                                , (Integer)                                                 , Pet                               , file:///home/poorna/capstone/rag-refactor/ragRefactor/sample_dbs/code_ql/spring-petclinic/src/main/java/org/springframework/samples/petclinic/owner/Owner.java:115:13:115:18                          
 org.springframework.samples.petclinic.owner   , Owner                           , getPet                                , (String)                                                  , Pet                               , file:///home/poorna/capstone/rag-refactor/ragRefactor/sample_dbs/code_ql/spring-petclinic/src/main/java/org/springframework/samples/petclinic/owner/Owner.java:106:13:106:18                          
 org.springframework.samples.petclinic.owner   , Owner                           , addPet                                , (Pet)                                                     , void                              , file:///home/poorna/capstone/rag-refactor/ragRefactor/sample_dbs/code_ql/spring-petclinic/src/main/java/org/springframework/samples/petclinic/owner/Owner.java:95:14:95:19                            
 org.springframework.samples.petclinic.owner   , Owner                           , getPets                               , ()                                                        , List<Pet>                         , file:///home/poorna/capstone/rag-refactor/ragRefactor/sample_dbs/code_ql/spring-petclinic/src/main/java/org/springframework/samples/petclinic/owner/Owner.java:91:19:91:25                            
 org.springframework.samples.petclinic.owner   , Owner                           , setTelephone                          , (String)                                                  , void                              , file:///home/poorna/capstone/rag-refactor/ragRefactor/sample_dbs/code_ql/spring-petclinic/src/main/java/org/springframework/samples/petclinic/owner/Owner.java:87:14:87:25                            
 org.springframework.samples.petclinic.owner   , Owner                           , getTelephone                          , ()                                                        , String                            , file:///home/poorna/capstone/rag-refactor/ragRefactor/sample_dbs/code_ql/spring-petclinic/src/main/java/org/springframework/samples/petclinic/owner/Owner.java:83:16:83:27                            
 org.springframework.samples.petclinic.owner   , Owner                           , setCity                               , (String)                                                  , void                              , file:///home/poorna/capstone/rag-refactor/ragRefactor/sample_dbs/code_ql/spring-petclinic/src/main/java/org/springframework/samples/petclinic/owner/Owner.java:79:14:79:20                            
 org.springframework.samples.petclinic.owner   , Owner                           , getCity                               , ()                                                        , String                            , file:///home/poorna/capstone/rag-refactor/ragRefactor/sample_dbs/code_ql/spring-petclinic/src/main/java/org/springframework/samples/petclinic/owner/Owner.java:75:16:75:22                            
 org.springframework.samples.petclinic.owner   , Owner                           , setAddress                            , (String)                                                  , void                              , file:///home/poorna/capstone/rag-refactor/ragRefactor/sample_dbs/code_ql/spring-petclinic/src/main/java/org/springframework/samples/petclinic/owner/Owner.java:71:14:71:23                            
 org.springframework.samples.petclinic.owner   , Owner                           , getAddress                            , ()                                                        , String                            , file:///home/poorna/capstone/rag-refactor/ragRefactor/sample_dbs/code_ql/spring-petclinic/src/main/java/org/springframework/samples/petclinic/owner/Owner.java:67:16:67:25                            
 org.springframework.samples.petclinic.owner   , Owner                           , Owner                                 , ()                                                        , void                              , file:///home/poorna/capstone/rag-refactor/ragRefactor/sample_dbs/code_ql/spring-petclinic/src/main/java/org/springframework/samples/petclinic/owner/Owner.java:47:14:47:18                            
 org.springframework.samples.petclinic.owner   , Owner                           , <obinit>                              , ()                                                        , void                              , file:///home/poorna/capstone/rag-refactor/ragRefactor/sample_dbs/code_ql/spring-petclinic/src/main/java/org/springframework/samples/petclinic/owner/Owner.java:47:14:47:18                            
 org.springframework.samples.petclinic.service , ClinicServiceTests              ,                                       , ()                                                        , void                              , file:///home/poorna/capstone/rag-refactor/ragRefactor/sample_dbs/code_ql/spring-petclinic/src/test/java/org/springframework/samples/petclinic/service/ClinicServiceTests.java:212:14:212:43           
 org.springframework.samples.petclinic.service , ClinicServiceTests              , test                                  , (Visit)                                                   , boolean                           , file:///home/poorna/capstone/rag-refactor/ragRefactor/sample_dbs/code_ql/spring-petclinic/src/test/java/org/springframework/samples/petclinic/service/ClinicServiceTests.java:212:14:212:43           
 org.springframework.samples.petclinic.service , ClinicServiceTests              ,                                       , ()                                                        , void                              , file:///home/poorna/capstone/rag-refactor/ragRefactor/sample_dbs/code_ql/spring-petclinic/src/test/java/org/springframework/samples/petclinic/service/ClinicServiceTests.java:224:16:224:29           
 org.springframework.samples.petclinic.service , ClinicServiceTests              , apply                                 , (Visit)                                                   , LocalDate                         , file:///home/poorna/capstone/rag-refactor/ragRefactor/sample_dbs/code_ql/spring-petclinic/src/test/java/org/springframework/samples/petclinic/service/ClinicServiceTests.java:224:16:224:29           
 org.springframework.samples.petclinic.service , EntityUtils                     , getById                               ," (Collection<T>, Class<T>, int)                            ", T                                 , file:///home/poorna/capstone/rag-refactor/ragRefactor/sample_dbs/code_ql/spring-petclinic/src/test/java/org/springframework/samples/petclinic/service/EntityUtils.java:43:41:43:47                    
 org.springframework.samples.petclinic.service , EntityUtils                     , EntityUtils                           , ()                                                        , void                              , file:///home/poorna/capstone/rag-refactor/ragRefactor/sample_dbs/code_ql/spring-petclinic/src/test/java/org/springframework/samples/petclinic/service/EntityUtils.java:33:23:33:33                    
 org.springframework.samples.petclinic.system  , CrashControllerIntegrationTests , TestConfiguration                     , ()                                                        , void                              , file:///home/poorna/capstone/rag-refactor/ragRefactor/sample_dbs/code_ql/spring-petclinic/src/test/java/org/springframework/samples/petclinic/system/CrashControllerIntegrationTests.java:54:15:54:31 
 org.springframework.samples.petclinic.system  , CrashControllerIntegrationTests ,                                       , ()                                                        , void                              , file:///home/poorna/capstone/rag-refactor/ragRefactor/sample_dbs/code_ql/spring-petclinic/src/test/java/org/springframework/samples/petclinic/system/CrashControllerIntegrationTests.java:68:9:68:55  
 org.springframework.samples.petclinic.system  , CrashControllerTests            ,                                       , ()                                                        , void                              , file:///home/poorna/capstone/rag-refactor/ragRefactor/sample_dbs/code_ql/spring-petclinic/src/test/java/org/springframework/samples/petclinic/system/CrashControllerTests.java:38:66:40:3             
 org.springframework.samples.petclinic.system  , CrashControllerTests            , execute                               , ()                                                        , void                              , file:///home/poorna/capstone/rag-refactor/ragRefactor/sample_dbs/code_ql/spring-petclinic/src/test/java/org/springframework/samples/petclinic/system/CrashControllerTests.java:38:66:40:3             
 org.springframework.samples.petclinic.system  , WelcomeController               , welcome                               , ()                                                        , String                            , file:///home/poorna/capstone/rag-refactor/ragRefactor/sample_dbs/code_ql/spring-petclinic/src/main/java/org/springframework/samples/petclinic/system/WelcomeController.java:26:16:26:22               
 org.springframework.samples.petclinic.system  , WelcomeController               , WelcomeController                     , ()                                                        , void                              , file:///home/poorna/capstone/rag-refactor/ragRefactor/sample_dbs/code_ql/spring-petclinic/src/main/java/org/springframework/samples/petclinic/system/WelcomeController.java:23:7:23:23                
 org.springframework.samples.petclinic.system  , CrashController                 , triggerException                      , ()                                                        , String                            , file:///home/poorna/capstone/rag-refactor/ragRefactor/sample_dbs/code_ql/spring-petclinic/src/main/java/org/springframework/samples/petclinic/system/CrashController.java:32:16:32:31                 
 org.springframework.samples.petclinic.system  , CrashController                 , CrashController                       , ()                                                        , void                              , file:///home/poorna/capstone/rag-refactor/ragRefactor/sample_dbs/code_ql/spring-petclinic/src/main/java/org/springframework/samples/petclinic/system/CrashController.java:29:7:29:21                  
 org.springframework.samples.petclinic.system  , CacheConfiguration              , petclinicCacheConfigurationCustomizer , ()                                                        , JCacheManagerCustomizer           , file:///home/poorna/capstone/rag-refactor/ragRefactor/sample_dbs/code_ql/spring-petclinic/src/main/java/org/springframework/samples/petclinic/system/CacheConfiguration.java:36:33:36:69              
 org.springframework.samples.petclinic.system  , CacheConfiguration              , CacheConfiguration                    , ()                                                        , void                              , file:///home/poorna/capstone/rag-refactor/ragRefactor/sample_dbs/code_ql/spring-petclinic/src/main/java/org/springframework/samples/petclinic/system/CacheConfiguration.java:33:7:33:24               
 org.springframework.samples.petclinic.system  , CacheConfiguration              , cacheConfiguration                    , ()                                                        ," Configuration<Object,Object>      ", file:///home/poorna/capstone/rag-refactor/ragRefactor/sample_dbs/code_ql/spring-petclinic/src/main/java/org/springframework/samples/petclinic/system/CacheConfiguration.java:49:66:49:83              
 org.springframework.samples.petclinic.system  , CacheConfiguration              ,                                       , ()                                                        , void                              , file:///home/poorna/capstone/rag-refactor/ragRefactor/sample_dbs/code_ql/spring-petclinic/src/main/java/org/springframework/samples/petclinic/system/CacheConfiguration.java:37:10:37:59              
 org.springframework.samples.petclinic.system  , CacheConfiguration              , customize                             , (CacheManager)                                            , void                              , file:///home/poorna/capstone/rag-refactor/ragRefactor/sample_dbs/code_ql/spring-petclinic/src/main/java/org/springframework/samples/petclinic/system/CacheConfiguration.java:37:10:37:59              
 org.springframework.samples.petclinic.vet     , Vets                            , getVetList                            , ()                                                        , List<Vet>                         , file:///home/poorna/capstone/rag-refactor/ragRefactor/sample_dbs/code_ql/spring-petclinic/src/main/java/org/springframework/samples/petclinic/vet/Vets.java:36:19:36:28                               
 org.springframework.samples.petclinic.vet     , Vets                            , Vets                                  , ()                                                        , void                              , file:///home/poorna/capstone/rag-refactor/ragRefactor/sample_dbs/code_ql/spring-petclinic/src/main/java/org/springframework/samples/petclinic/vet/Vets.java:31:14:31:17                               
 org.springframework.samples.petclinic.vet     , VetController                   , showResourcesVetList                  , ()                                                        , Vets                              , file:///home/poorna/capstone/rag-refactor/ragRefactor/sample_dbs/code_ql/spring-petclinic/src/main/java/org/springframework/samples/petclinic/vet/VetController.java:70:28:70:47                      
 org.springframework.samples.petclinic.vet     , VetController                   , showVetList                           ," (int, Model)                                              ", String                            , file:///home/poorna/capstone/rag-refactor/ragRefactor/sample_dbs/code_ql/spring-petclinic/src/main/java/org/springframework/samples/petclinic/vet/VetController.java:45:16:45:26                      
 org.springframework.samples.petclinic.vet     , VetController                   , VetController                         , (VetRepository)                                           , void                              , file:///home/poorna/capstone/rag-refactor/ragRefactor/sample_dbs/code_ql/spring-petclinic/src/main/java/org/springframework/samples/petclinic/vet/VetController.java:40:9:40:21                       
 org.springframework.samples.petclinic.vet     , VetController                   , findPaginated                         , (int)                                                     , Page<Vet>                         , file:///home/poorna/capstone/rag-refactor/ragRefactor/sample_dbs/code_ql/spring-petclinic/src/main/java/org/springframework/samples/petclinic/vet/VetController.java:63:20:63:32                      
 org.springframework.samples.petclinic.vet     , VetController                   , addPaginationModel                    ," (int, Page<Vet>, Model)                                   ", String                            , file:///home/poorna/capstone/rag-refactor/ragRefactor/sample_dbs/code_ql/spring-petclinic/src/main/java/org/springframework/samples/petclinic/vet/VetController.java:54:17:54:34                      
 org.springframework.samples.petclinic.vet     , Specialty                       , Specialty                             , ()                                                        , void                              , file:///home/poorna/capstone/rag-refactor/ragRefactor/sample_dbs/code_ql/spring-petclinic/src/main/java/org/springframework/samples/petclinic/vet/Specialty.java:30:14:30:22                          
 org.springframework.samples.petclinic.vet     , Vet                             , addSpecialty                          , (Specialty)                                               , void                              , file:///home/poorna/capstone/rag-refactor/ragRefactor/sample_dbs/code_ql/spring-petclinic/src/main/java/org/springframework/samples/petclinic/vet/Vet.java:75:14:75:25                                
 org.springframework.samples.petclinic.vet     , Vet                             , getNrOfSpecialties                    , ()                                                        , int                               , file:///home/poorna/capstone/rag-refactor/ragRefactor/sample_dbs/code_ql/spring-petclinic/src/main/java/org/springframework/samples/petclinic/vet/Vet.java:71:13:71:30                                
 org.springframework.samples.petclinic.vet     , Vet                             , getSpecialties                        , ()                                                        , List<Specialty>                   , file:///home/poorna/capstone/rag-refactor/ragRefactor/sample_dbs/code_ql/spring-petclinic/src/main/java/org/springframework/samples/petclinic/vet/Vet.java:65:25:65:38                                
 org.springframework.samples.petclinic.vet     , Vet                             , setSpecialtiesInternal                , (Set<Specialty>)                                          , void                              , file:///home/poorna/capstone/rag-refactor/ragRefactor/sample_dbs/code_ql/spring-petclinic/src/main/java/org/springframework/samples/petclinic/vet/Vet.java:60:17:60:38                                
 org.springframework.samples.petclinic.vet     , Vet                             , getSpecialtiesInternal                , ()                                                        , Set<Specialty>                    , file:///home/poorna/capstone/rag-refactor/ragRefactor/sample_dbs/code_ql/spring-petclinic/src/main/java/org/springframework/samples/petclinic/vet/Vet.java:53:27:53:48                                
 org.springframework.samples.petclinic.vet     , Vet                             , Vet                                   , ()                                                        , void                              , file:///home/poorna/capstone/rag-refactor/ragRefactor/sample_dbs/code_ql/spring-petclinic/src/main/java/org/springframework/samples/petclinic/vet/Vet.java:46:14:46:16                                
